[
    {
        "outputFile": "E:\\Android Studio\\meeto\\NewWoffice\\app\\build\\intermediates\\incremental\\mergeDebugResources\\merged.dir\\values-zh-rCN\\values-zh-rCN.xml",
        "map": [
            {
                "to": {
                    "startLine": 2,
                    "startColumn": 4,
                    "startOffset": 105,
                    "endColumn": 95,
                    "endOffset": 196
                },
                "from": {
                    "file": "E:\\Android Studio\\meeto\\NewWoffice\\app\\build\\intermediates\\exploded-aar\\com.android.support\\appcompat-v7\\23.4.0\\res\\values-zh-rCN\\values-zh-rCN.xml",
                    "position": {
                        "startLine": 2,
                        "startColumn": 4,
                        "startOffset": 55,
                        "endColumn": 95,
                        "endOffset": 146
                    }
                }
            },
            {
                "to": {
                    "startLine": 3,
                    "startColumn": 4,
                    "startOffset": 201,
                    "endColumn": 106,
                    "endOffset": 303
                },
                "from": {
                    "file": "E:\\Android Studio\\meeto\\NewWoffice\\app\\build\\intermediates\\exploded-aar\\com.android.support\\appcompat-v7\\23.4.0\\res\\values-zh-rCN\\values-zh-rCN.xml",
                    "position": {
                        "startLine": 3,
                        "startColumn": 4,
                        "startOffset": 151,
                        "endColumn": 106,
                        "endOffset": 253
                    }
                }
            },
            {
                "to": {
                    "startLine": 4,
                    "startColumn": 4,
                    "startOffset": 308,
                    "endColumn": 122,
                    "endOffset": 426
                },
                "from": {
                    "file": "E:\\Android Studio\\meeto\\NewWoffice\\app\\build\\intermediates\\exploded-aar\\com.android.support\\appcompat-v7\\23.4.0\\res\\values-zh-rCN\\values-zh-rCN.xml",
                    "position": {
                        "startLine": 4,
                        "startColumn": 4,
                        "startOffset": 258,
                        "endColumn": 122,
                        "endOffset": 376
                    }
                }
            },
            {
                "to": {
                    "startLine": 5,
                    "startColumn": 4,
                    "startOffset": 431,
                    "endColumn": 94,
                    "endOffset": 521
                },
                "from": {
                    "file": "E:\\Android Studio\\meeto\\NewWoffice\\app\\build\\intermediates\\exploded-aar\\com.android.support\\appcompat-v7\\23.4.0\\res\\values-zh-rCN\\values-zh-rCN.xml",
                    "position": {
                        "startLine": 5,
                        "startColumn": 4,
                        "startOffset": 381,
                        "endColumn": 94,
                        "endOffset": 471
                    }
                }
            },
            {
                "to": {
                    "startLine": 6,
                    "startColumn": 4,
                    "startOffset": 526,
                    "endColumn": 99,
                    "endOffset": 621
                },
                "from": {
                    "file": "E:\\Android Studio\\meeto\\NewWoffice\\app\\build\\intermediates\\exploded-aar\\com.android.support\\appcompat-v7\\23.4.0\\res\\values-zh-rCN\\values-zh-rCN.xml",
                    "position": {
                        "startLine": 6,
                        "startColumn": 4,
                        "startOffset": 476,
                        "endColumn": 99,
                        "endOffset": 571
                    }
                }
            },
            {
                "to": {
                    "startLine": 7,
                    "startColumn": 4,
                    "startOffset": 626,
                    "endColumn": 81,
                    "endOffset": 703
                },
                "from": {
                    "file": "E:\\Android Studio\\meeto\\NewWoffice\\app\\build\\intermediates\\exploded-aar\\com.android.support\\appcompat-v7\\23.4.0\\res\\values-zh-rCN\\values-zh-rCN.xml",
                    "position": {
                        "startLine": 7,
                        "startColumn": 4,
                        "startOffset": 576,
                        "endColumn": 81,
                        "endOffset": 653
                    }
                }
            },
            {
                "to": {
                    "startLine": 8,
                    "startColumn": 4,
                    "startOffset": 708,
                    "endColumn": 96,
                    "endOffset": 800
                },
                "from": {
                    "file": "E:\\Android Studio\\meeto\\NewWoffice\\app\\build\\intermediates\\exploded-aar\\com.android.support\\appcompat-v7\\23.4.0\\res\\values-zh-rCN\\values-zh-rCN.xml",
                    "position": {
                        "startLine": 8,
                        "startColumn": 4,
                        "startOffset": 658,
                        "endColumn": 96,
                        "endOffset": 750
                    }
                }
            },
            {
                "to": {
                    "startLine": 9,
                    "startColumn": 4,
                    "startOffset": 805,
                    "endColumn": 105,
                    "endOffset": 906
                },
                "from": {
                    "file": "E:\\Android Studio\\meeto\\NewWoffice\\app\\build\\intermediates\\exploded-aar\\com.android.support\\appcompat-v7\\23.4.0\\res\\values-zh-rCN\\values-zh-rCN.xml",
                    "position": {
                        "startLine": 9,
                        "startColumn": 4,
                        "startOffset": 755,
                        "endColumn": 105,
                        "endOffset": 856
                    }
                }
            },
            {
                "to": {
                    "startLine": 10,
                    "startColumn": 4,
                    "startOffset": 911,
                    "endColumn": 75,
                    "endOffset": 982
                },
                "from": {
                    "file": "E:\\Android Studio\\meeto\\NewWoffice\\app\\build\\intermediates\\exploded-aar\\com.android.support\\appcompat-v7\\23.4.0\\res\\values-zh-rCN\\values-zh-rCN.xml",
                    "position": {
                        "startLine": 10,
                        "startColumn": 4,
                        "startOffset": 861,
                        "endColumn": 75,
                        "endOffset": 932
                    }
                }
            },
            {
                "to": {
                    "startLine": 11,
                    "startColumn": 4,
                    "startOffset": 987,
                    "endColumn": 75,
                    "endOffset": 1058
                },
                "from": {
                    "file": "E:\\Android Studio\\meeto\\NewWoffice\\app\\build\\intermediates\\exploded-aar\\com.android.support\\appcompat-v7\\23.4.0\\res\\values-zh-rCN\\values-zh-rCN.xml",
                    "position": {
                        "startLine": 11,
                        "startColumn": 4,
                        "startOffset": 937,
                        "endColumn": 75,
                        "endOffset": 1008
                    }
                }
            },
            {
                "to": {
                    "startLine": 12,
                    "startColumn": 4,
                    "startOffset": 1063,
                    "endColumn": 77,
                    "endOffset": 1136
                },
                "from": {
                    "file": "E:\\Android Studio\\meeto\\NewWoffice\\app\\build\\intermediates\\exploded-aar\\com.android.support\\appcompat-v7\\23.4.0\\res\\values-zh-rCN\\values-zh-rCN.xml",
                    "position": {
                        "startLine": 12,
                        "startColumn": 4,
                        "startOffset": 1013,
                        "endColumn": 77,
                        "endOffset": 1086
                    }
                }
            },
            {
                "to": {
                    "startLine": 13,
                    "startColumn": 4,
                    "startOffset": 1141,
                    "endColumn": 95,
                    "endOffset": 1232
                },
                "from": {
                    "file": "E:\\Android Studio\\meeto\\NewWoffice\\app\\build\\intermediates\\exploded-aar\\com.android.support\\appcompat-v7\\23.4.0\\res\\values-zh-rCN\\values-zh-rCN.xml",
                    "position": {
                        "startLine": 13,
                        "startColumn": 4,
                        "startOffset": 1091,
                        "endColumn": 95,
                        "endOffset": 1182
                    }
                }
            },
            {
                "to": {
                    "startLine": 14,
                    "startColumn": 4,
                    "startOffset": 1237,
                    "endColumn": 95,
                    "endOffset": 1328
                },
                "from": {
                    "file": "E:\\Android Studio\\meeto\\NewWoffice\\app\\build\\intermediates\\exploded-aar\\com.android.support\\appcompat-v7\\23.4.0\\res\\values-zh-rCN\\values-zh-rCN.xml",
                    "position": {
                        "startLine": 14,
                        "startColumn": 4,
                        "startOffset": 1187,
                        "endColumn": 95,
                        "endOffset": 1278
                    }
                }
            },
            {
                "to": {
                    "startLine": 15,
                    "startColumn": 4,
                    "startOffset": 1333,
                    "endColumn": 94,
                    "endOffset": 1423
                },
                "from": {
                    "file": "E:\\Android Studio\\meeto\\NewWoffice\\app\\build\\intermediates\\exploded-aar\\com.android.support\\appcompat-v7\\23.4.0\\res\\values-zh-rCN\\values-zh-rCN.xml",
                    "position": {
                        "startLine": 15,
                        "startColumn": 4,
                        "startOffset": 1283,
                        "endColumn": 94,
                        "endOffset": 1373
                    }
                }
            },
            {
                "to": {
                    "startLine": 16,
                    "startColumn": 4,
                    "startOffset": 1428,
                    "endColumn": 96,
                    "endOffset": 1520
                },
                "from": {
                    "file": "E:\\Android Studio\\meeto\\NewWoffice\\app\\build\\intermediates\\exploded-aar\\com.android.support\\appcompat-v7\\23.4.0\\res\\values-zh-rCN\\values-zh-rCN.xml",
                    "position": {
                        "startLine": 16,
                        "startColumn": 4,
                        "startOffset": 1378,
                        "endColumn": 96,
                        "endOffset": 1470
                    }
                }
            },
            {
                "to": {
                    "startLine": 17,
                    "startColumn": 4,
                    "startOffset": 1525,
                    "endColumn": 94,
                    "endOffset": 1615
                },
                "from": {
                    "file": "E:\\Android Studio\\meeto\\NewWoffice\\app\\build\\intermediates\\exploded-aar\\com.android.support\\appcompat-v7\\23.4.0\\res\\values-zh-rCN\\values-zh-rCN.xml",
                    "position": {
                        "startLine": 17,
                        "startColumn": 4,
                        "startOffset": 1475,
                        "endColumn": 94,
                        "endOffset": 1565
                    }
                }
            },
            {
                "to": {
                    "startLine": 18,
                    "startColumn": 4,
                    "startOffset": 1620,
                    "endColumn": 97,
                    "endOffset": 1713
                },
                "from": {
                    "file": "E:\\Android Studio\\meeto\\NewWoffice\\app\\build\\intermediates\\exploded-aar\\com.android.support\\appcompat-v7\\23.4.0\\res\\values-zh-rCN\\values-zh-rCN.xml",
                    "position": {
                        "startLine": 18,
                        "startColumn": 4,
                        "startOffset": 1570,
                        "endColumn": 97,
                        "endOffset": 1663
                    }
                }
            },
            {
                "to": {
                    "startLine": 19,
                    "startColumn": 4,
                    "startOffset": 1718,
                    "endColumn": 111,
                    "endOffset": 1825
                },
                "from": {
                    "file": "E:\\Android Studio\\meeto\\NewWoffice\\app\\build\\intermediates\\exploded-aar\\com.android.support\\appcompat-v7\\23.4.0\\res\\values-zh-rCN\\values-zh-rCN.xml",
                    "position": {
                        "startLine": 19,
                        "startColumn": 4,
                        "startOffset": 1668,
                        "endColumn": 111,
                        "endOffset": 1775
                    }
                }
            },
            {
                "to": {
                    "startLine": 20,
                    "startColumn": 4,
                    "startOffset": 1830,
                    "endColumn": 93,
                    "endOffset": 1919
                },
                "from": {
                    "file": "E:\\Android Studio\\meeto\\NewWoffice\\app\\build\\intermediates\\exploded-aar\\com.android.support\\appcompat-v7\\23.4.0\\res\\values-zh-rCN\\values-zh-rCN.xml",
                    "position": {
                        "startLine": 20,
                        "startColumn": 4,
                        "startOffset": 1780,
                        "endColumn": 93,
                        "endOffset": 1869
                    }
                }
            },
            {
                "to": {
                    "startLine": 21,
                    "startColumn": 4,
                    "startOffset": 1924,
                    "endColumn": 169,
                    "endOffset": 2089
                },
                "from": {
                    "file": "E:\\Android Studio\\meeto\\NewWoffice\\app\\build\\intermediates\\exploded-aar\\com.google.android.gms\\play-services-basement\\8.3.0\\res\\values-zh-rCN\\common_strings.xml",
                    "position": {
                        "startLine": 5,
                        "startColumn": 4,
                        "startOffset": 434,
                        "endColumn": 173,
                        "endOffset": 603
                    }
                }
            },
            {
                "to": {
                    "startLine": 22,
                    "startColumn": 4,
                    "startOffset": 2094,
                    "endColumn": 152,
                    "endOffset": 2242
                },
                "from": {
                    "file": "E:\\Android Studio\\meeto\\NewWoffice\\app\\build\\intermediates\\exploded-aar\\com.google.android.gms\\play-services-basement\\8.3.0\\res\\values-zh-rCN\\common_strings.xml",
                    "position": {
                        "startLine": 18,
                        "startColumn": 4,
                        "startOffset": 2266,
                        "endColumn": 156,
                        "endOffset": 2418
                    }
                }
            },
            {
                "to": {
                    "startLine": 23,
                    "startColumn": 4,
                    "startOffset": 2247,
                    "endColumn": 105,
                    "endOffset": 2348
                },
                "from": {
                    "file": "E:\\Android Studio\\meeto\\NewWoffice\\app\\build\\intermediates\\exploded-aar\\com.google.android.gms\\play-services-basement\\8.3.0\\res\\values-zh-rCN\\common_strings.xml",
                    "position": {
                        "startLine": 16,
                        "startColumn": 4,
                        "startOffset": 1995,
                        "endColumn": 105,
                        "endOffset": 2096
                    }
                }
            },
            {
                "to": {
                    "startLine": 24,
                    "startColumn": 4,
                    "startOffset": 2353,
                    "endColumn": 185,
                    "endOffset": 2534
                },
                "from": {
                    "file": "E:\\Android Studio\\meeto\\NewWoffice\\app\\build\\intermediates\\exploded-aar\\com.google.android.gms\\play-services-basement\\8.3.0\\res\\values-zh-rCN\\common_strings.xml",
                    "position": {
                        "startLine": 30,
                        "startColumn": 4,
                        "startOffset": 3816,
                        "endColumn": 189,
                        "endOffset": 4001
                    }
                }
            },
            {
                "to": {
                    "startLine": 25,
                    "startColumn": 4,
                    "startOffset": 2539,
                    "endColumn": 115,
                    "endOffset": 2650
                },
                "from": {
                    "file": "E:\\Android Studio\\meeto\\NewWoffice\\app\\build\\intermediates\\exploded-aar\\com.google.android.gms\\play-services-basement\\8.3.0\\res\\values-zh-rCN\\common_strings.xml",
                    "position": {
                        "startLine": 14,
                        "startColumn": 4,
                        "startOffset": 1764,
                        "endColumn": 115,
                        "endOffset": 1875
                    }
                }
            },
            {
                "to": {
                    "startLine": 26,
                    "startColumn": 4,
                    "startOffset": 2655,
                    "endColumn": 160,
                    "endOffset": 2811
                },
                "from": {
                    "file": "E:\\Android Studio\\meeto\\NewWoffice\\app\\build\\intermediates\\exploded-aar\\com.google.android.gms\\play-services-basement\\8.3.0\\res\\values-zh-rCN\\common_strings.xml",
                    "position": {
                        "startLine": 13,
                        "startColumn": 4,
                        "startOffset": 1599,
                        "endColumn": 164,
                        "endOffset": 1759
                    }
                }
            },
            {
                "to": {
                    "startLine": 27,
                    "startColumn": 4,
                    "startOffset": 2816,
                    "endColumn": 113,
                    "endOffset": 2925
                },
                "from": {
                    "file": "E:\\Android Studio\\meeto\\NewWoffice\\app\\build\\intermediates\\exploded-aar\\com.google.android.gms\\play-services-basement\\8.3.0\\res\\values-zh-rCN\\common_strings.xml",
                    "position": {
                        "startLine": 12,
                        "startColumn": 4,
                        "startOffset": 1485,
                        "endColumn": 113,
                        "endOffset": 1594
                    }
                }
            },
            {
                "to": {
                    "startLine": 28,
                    "startColumn": 4,
                    "startOffset": 2930,
                    "endColumn": 160,
                    "endOffset": 3086
                },
                "from": {
                    "file": "E:\\Android Studio\\meeto\\NewWoffice\\app\\build\\intermediates\\exploded-aar\\com.google.android.gms\\play-services-basement\\8.3.0\\res\\values-zh-rCN\\common_strings.xml",
                    "position": {
                        "startLine": 7,
                        "startColumn": 4,
                        "startOffset": 739,
                        "endColumn": 164,
                        "endOffset": 899
                    }
                }
            },
            {
                "to": {
                    "startLine": 29,
                    "startColumn": 4,
                    "startOffset": 3091,
                    "endColumn": 116,
                    "endOffset": 3203
                },
                "from": {
                    "file": "E:\\Android Studio\\meeto\\NewWoffice\\app\\build\\intermediates\\exploded-aar\\com.google.android.gms\\play-services-basement\\8.3.0\\res\\values-zh-rCN\\common_strings.xml",
                    "position": {
                        "startLine": 11,
                        "startColumn": 4,
                        "startOffset": 1368,
                        "endColumn": 116,
                        "endOffset": 1480
                    }
                }
            },
            {
                "to": {
                    "startLine": 30,
                    "startColumn": 4,
                    "startOffset": 3208,
                    "endColumn": 169,
                    "endOffset": 3373
                },
                "from": {
                    "file": "E:\\Android Studio\\meeto\\NewWoffice\\app\\build\\intermediates\\exploded-aar\\com.google.android.gms\\play-services-basement\\8.3.0\\res\\values-zh-rCN\\common_strings.xml",
                    "position": {
                        "startLine": 9,
                        "startColumn": 4,
                        "startOffset": 1018,
                        "endColumn": 173,
                        "endOffset": 1187
                    }
                }
            },
            {
                "to": {
                    "startLine": 31,
                    "startColumn": 4,
                    "startOffset": 3378,
                    "endColumn": 171,
                    "endOffset": 3545
                },
                "from": {
                    "file": "E:\\Android Studio\\meeto\\NewWoffice\\app\\build\\intermediates\\exploded-aar\\com.google.android.gms\\play-services-basement\\8.3.0\\res\\values-zh-rCN\\common_strings.xml",
                    "position": {
                        "startLine": 10,
                        "startColumn": 4,
                        "startOffset": 1192,
                        "endColumn": 175,
                        "endOffset": 1363
                    }
                }
            },
            {
                "to": {
                    "startLine": 32,
                    "startColumn": 4,
                    "startOffset": 3550,
                    "endColumn": 113,
                    "endOffset": 3659
                },
                "from": {
                    "file": "E:\\Android Studio\\meeto\\NewWoffice\\app\\build\\intermediates\\exploded-aar\\com.google.android.gms\\play-services-basement\\8.3.0\\res\\values-zh-rCN\\common_strings.xml",
                    "position": {
                        "startLine": 8,
                        "startColumn": 4,
                        "startOffset": 904,
                        "endColumn": 113,
                        "endOffset": 1013
                    }
                }
            },
            {
                "to": {
                    "startLine": 33,
                    "startColumn": 4,
                    "startOffset": 3664,
                    "endColumn": 128,
                    "endOffset": 3788
                },
                "from": {
                    "file": "E:\\Android Studio\\meeto\\NewWoffice\\app\\build\\intermediates\\exploded-aar\\com.google.android.gms\\play-services-basement\\8.3.0\\res\\values-zh-rCN\\common_strings.xml",
                    "position": {
                        "startLine": 24,
                        "startColumn": 4,
                        "startOffset": 3067,
                        "endColumn": 128,
                        "endOffset": 3191
                    }
                }
            },
            {
                "to": {
                    "startLine": 34,
                    "startColumn": 4,
                    "startOffset": 3793,
                    "endColumn": 112,
                    "endOffset": 3901
                },
                "from": {
                    "file": "E:\\Android Studio\\meeto\\NewWoffice\\app\\build\\intermediates\\exploded-aar\\com.google.android.gms\\play-services-basement\\8.3.0\\res\\values-zh-rCN\\common_strings.xml",
                    "position": {
                        "startLine": 23,
                        "startColumn": 4,
                        "startOffset": 2954,
                        "endColumn": 112,
                        "endOffset": 3062
                    }
                }
            },
            {
                "to": {
                    "startLine": 35,
                    "startColumn": 4,
                    "startOffset": 3906,
                    "endColumn": 130,
                    "endOffset": 4032
                },
                "from": {
                    "file": "E:\\Android Studio\\meeto\\NewWoffice\\app\\build\\intermediates\\exploded-aar\\com.google.android.gms\\play-services-basement\\8.3.0\\res\\values-zh-rCN\\common_strings.xml",
                    "position": {
                        "startLine": 6,
                        "startColumn": 4,
                        "startOffset": 608,
                        "endColumn": 130,
                        "endOffset": 734
                    }
                }
            },
            {
                "to": {
                    "startLine": 36,
                    "startColumn": 4,
                    "startOffset": 4037,
                    "endColumn": 133,
                    "endOffset": 4166
                },
                "from": {
                    "file": "E:\\Android Studio\\meeto\\NewWoffice\\app\\build\\intermediates\\exploded-aar\\com.google.android.gms\\play-services-basement\\8.3.0\\res\\values-zh-rCN\\common_strings.xml",
                    "position": {
                        "startLine": 22,
                        "startColumn": 4,
                        "startOffset": 2820,
                        "endColumn": 133,
                        "endOffset": 2949
                    }
                }
            },
            {
                "to": {
                    "startLine": 37,
                    "startColumn": 4,
                    "startOffset": 4171,
                    "endColumn": 110,
                    "endOffset": 4277
                },
                "from": {
                    "file": "E:\\Android Studio\\meeto\\NewWoffice\\app\\build\\intermediates\\exploded-aar\\com.google.android.gms\\play-services-basement\\8.3.0\\res\\values-zh-rCN\\common_strings.xml",
                    "position": {
                        "startLine": 21,
                        "startColumn": 4,
                        "startOffset": 2709,
                        "endColumn": 110,
                        "endOffset": 2815
                    }
                }
            },
            {
                "to": {
                    "startLine": 38,
                    "startColumn": 4,
                    "startOffset": 4282,
                    "endColumn": 141,
                    "endOffset": 4419
                },
                "from": {
                    "file": "E:\\Android Studio\\meeto\\NewWoffice\\app\\build\\intermediates\\exploded-aar\\com.google.android.gms\\play-services-basement\\8.3.0\\res\\values-zh-rCN\\common_strings.xml",
                    "position": {
                        "startLine": 4,
                        "startColumn": 4,
                        "startOffset": 292,
                        "endColumn": 141,
                        "endOffset": 429
                    }
                }
            },
            {
                "to": {
                    "startLine": 39,
                    "startColumn": 4,
                    "startOffset": 4424,
                    "endColumn": 121,
                    "endOffset": 4541
                },
                "from": {
                    "file": "E:\\Android Studio\\meeto\\NewWoffice\\app\\build\\intermediates\\exploded-aar\\com.google.android.gms\\play-services-basement\\8.3.0\\res\\values-zh-rCN\\common_strings.xml",
                    "position": {
                        "startLine": 3,
                        "startColumn": 4,
                        "startOffset": 170,
                        "endColumn": 121,
                        "endOffset": 287
                    }
                }
            },
            {
                "to": {
                    "startLine": 40,
                    "startColumn": 4,
                    "startOffset": 4546,
                    "endColumn": 123,
                    "endOffset": 4665
                },
                "from": {
                    "file": "E:\\Android Studio\\meeto\\NewWoffice\\app\\build\\intermediates\\exploded-aar\\com.google.android.gms\\play-services-basement\\8.3.0\\res\\values-zh-rCN\\common_strings.xml",
                    "position": {
                        "startLine": 32,
                        "startColumn": 4,
                        "startOffset": 4118,
                        "endColumn": 123,
                        "endOffset": 4237
                    }
                }
            },
            {
                "to": {
                    "startLine": 41,
                    "startColumn": 4,
                    "startOffset": 4670,
                    "endColumn": 111,
                    "endOffset": 4777
                },
                "from": {
                    "file": "E:\\Android Studio\\meeto\\NewWoffice\\app\\build\\intermediates\\exploded-aar\\com.google.android.gms\\play-services-basement\\8.3.0\\res\\values-zh-rCN\\common_strings.xml",
                    "position": {
                        "startLine": 31,
                        "startColumn": 4,
                        "startOffset": 4006,
                        "endColumn": 111,
                        "endOffset": 4113
                    }
                }
            },
            {
                "to": {
                    "startLine": 42,
                    "startColumn": 4,
                    "startOffset": 4782,
                    "endColumn": 120,
                    "endOffset": 4898
                },
                "from": {
                    "file": "E:\\Android Studio\\meeto\\NewWoffice\\app\\build\\intermediates\\exploded-aar\\com.google.android.gms\\play-services-basement\\8.3.0\\res\\values-zh-rCN\\common_strings.xml",
                    "position": {
                        "startLine": 25,
                        "startColumn": 4,
                        "startOffset": 3196,
                        "endColumn": 120,
                        "endOffset": 3312
                    }
                }
            },
            {
                "to": {
                    "startLine": 43,
                    "startColumn": 4,
                    "startOffset": 4903,
                    "endColumn": 188,
                    "endOffset": 5087
                },
                "from": {
                    "file": "E:\\Android Studio\\meeto\\NewWoffice\\app\\build\\intermediates\\exploded-aar\\com.google.android.gms\\play-services-basement\\8.3.0\\res\\values-zh-rCN\\common_strings.xml",
                    "position": {
                        "startLine": 27,
                        "startColumn": 4,
                        "startOffset": 3435,
                        "endColumn": 192,
                        "endOffset": 3623
                    }
                }
            },
            {
                "to": {
                    "startLine": 44,
                    "startColumn": 4,
                    "startOffset": 5092,
                    "endColumn": 117,
                    "endOffset": 5205
                },
                "from": {
                    "file": "E:\\Android Studio\\meeto\\NewWoffice\\app\\build\\intermediates\\exploded-aar\\com.google.android.gms\\play-services-basement\\8.3.0\\res\\values-zh-rCN\\common_strings.xml",
                    "position": {
                        "startLine": 26,
                        "startColumn": 4,
                        "startOffset": 3317,
                        "endColumn": 117,
                        "endOffset": 3430
                    }
                }
            },
            {
                "to": {
                    "startLine": 45,
                    "startColumn": 4,
                    "startOffset": 5210,
                    "endColumn": 102,
                    "endOffset": 5308
                },
                "from": {
                    "file": "E:\\Android Studio\\meeto\\NewWoffice\\app\\build\\intermediates\\exploded-aar\\com.google.android.gms\\play-services-basement\\8.3.0\\res\\values-zh-rCN\\common_strings.xml",
                    "position": {
                        "startLine": 28,
                        "startColumn": 4,
                        "startOffset": 3628,
                        "endColumn": 102,
                        "endOffset": 3726
                    }
                }
            },
            {
                "to": {
                    "startLine": 46,
                    "startColumn": 4,
                    "startOffset": 5313,
                    "endColumn": 160,
                    "endOffset": 5469
                },
                "from": {
                    "file": "E:\\Android Studio\\meeto\\NewWoffice\\app\\build\\intermediates\\exploded-aar\\com.google.android.gms\\play-services-basement\\8.3.0\\res\\values-zh-rCN\\common_strings.xml",
                    "position": {
                        "startLine": 17,
                        "startColumn": 4,
                        "startOffset": 2101,
                        "endColumn": 164,
                        "endOffset": 2261
                    }
                }
            },
            {
                "to": {
                    "startLine": 47,
                    "startColumn": 4,
                    "startOffset": 5474,
                    "endColumn": 114,
                    "endOffset": 5584
                },
                "from": {
                    "file": "E:\\Android Studio\\meeto\\NewWoffice\\app\\build\\intermediates\\exploded-aar\\com.google.android.gms\\play-services-basement\\8.3.0\\res\\values-zh-rCN\\common_strings.xml",
                    "position": {
                        "startLine": 15,
                        "startColumn": 4,
                        "startOffset": 1880,
                        "endColumn": 114,
                        "endOffset": 1990
                    }
                }
            },
            {
                "to": {
                    "startLine": 48,
                    "startColumn": 4,
                    "startOffset": 5589,
                    "endColumn": 162,
                    "endOffset": 5747
                },
                "from": {
                    "file": "E:\\Android Studio\\meeto\\NewWoffice\\app\\build\\intermediates\\exploded-aar\\com.google.android.gms\\play-services-basement\\8.3.0\\res\\values-zh-rCN\\common_strings.xml",
                    "position": {
                        "startLine": 20,
                        "startColumn": 4,
                        "startOffset": 2542,
                        "endColumn": 166,
                        "endOffset": 2704
                    }
                }
            },
            {
                "to": {
                    "startLine": 49,
                    "startColumn": 4,
                    "startOffset": 5752,
                    "endColumn": 118,
                    "endOffset": 5866
                },
                "from": {
                    "file": "E:\\Android Studio\\meeto\\NewWoffice\\app\\build\\intermediates\\exploded-aar\\com.google.android.gms\\play-services-basement\\8.3.0\\res\\values-zh-rCN\\common_strings.xml",
                    "position": {
                        "startLine": 19,
                        "startColumn": 4,
                        "startOffset": 2423,
                        "endColumn": 118,
                        "endOffset": 2537
                    }
                }
            },
            {
                "to": {
                    "startLine": 50,
                    "startColumn": 4,
                    "startOffset": 5871,
                    "endColumn": 84,
                    "endOffset": 5951
                },
                "from": {
                    "file": "E:\\Android Studio\\meeto\\NewWoffice\\app\\build\\intermediates\\exploded-aar\\com.google.android.gms\\play-services-basement\\8.3.0\\res\\values-zh-rCN\\common_strings.xml",
                    "position": {
                        "startLine": 29,
                        "startColumn": 4,
                        "startOffset": 3731,
                        "endColumn": 84,
                        "endOffset": 3811
                    }
                }
            },
            {
                "to": {
                    "startLine": 51,
                    "startColumn": 4,
                    "startOffset": 5956,
                    "endColumn": 86,
                    "endOffset": 6038
                },
                "from": {
                    "file": "E:\\Android Studio\\meeto\\NewWoffice\\app\\build\\intermediates\\exploded-aar\\com.google.android.gms\\play-services-base\\8.3.0\\res\\values-zh-rCN\\base_strings.xml",
                    "position": {
                        "startLine": 3,
                        "startColumn": 4,
                        "startOffset": 170,
                        "endColumn": 86,
                        "endOffset": 252
                    }
                }
            },
            {
                "to": {
                    "startLine": 52,
                    "startColumn": 4,
                    "startOffset": 6043,
                    "endColumn": 103,
                    "endOffset": 6142
                },
                "from": {
                    "file": "E:\\Android Studio\\meeto\\NewWoffice\\app\\build\\intermediates\\exploded-aar\\com.google.android.gms\\play-services-base\\8.3.0\\res\\values-zh-rCN\\base_strings.xml",
                    "position": {
                        "startLine": 4,
                        "startColumn": 4,
                        "startOffset": 257,
                        "endColumn": 103,
                        "endOffset": 356
                    }
                }
            },
            {
                "to": {
                    "startLine": 53,
                    "startColumn": 4,
                    "startOffset": 6147,
                    "endColumn": 58,
                    "endOffset": 6201
                },
                "from": {
                    "file": "E:\\Android Studio\\meeto\\NewWoffice\\app\\build\\intermediates\\exploded-aar\\com.wdullaer\\materialdatetimepicker\\2.3.0\\res\\values-zh-rCN\\values-zh-rCN.xml",
                    "position": {
                        "startLine": 4,
                        "startColumn": 4,
                        "startOffset": 267,
                        "endColumn": 58,
                        "endOffset": 321
                    }
                }
            },
            {
                "to": {
                    "startLine": 54,
                    "startColumn": 4,
                    "startOffset": 6206,
                    "endColumn": 96,
                    "endOffset": 6298
                },
                "from": {
                    "file": "E:\\Android Studio\\meeto\\NewWoffice\\app\\build\\intermediates\\exploded-aar\\com.wdullaer\\materialdatetimepicker\\2.3.0\\res\\values-zh-rCN\\values-zh-rCN.xml",
                    "position": {
                        "startLine": 5,
                        "startColumn": 4,
                        "startOffset": 326,
                        "endColumn": 96,
                        "endOffset": 418
                    }
                }
            },
            {
                "to": {
                    "startLine": 55,
                    "startColumn": 4,
                    "startOffset": 6303,
                    "endColumn": 107,
                    "endOffset": 6406
                },
                "from": {
                    "file": "E:\\Android Studio\\meeto\\NewWoffice\\app\\build\\intermediates\\exploded-aar\\com.wdullaer\\materialdatetimepicker\\2.3.0\\res\\values-zh-rCN\\values-zh-rCN.xml",
                    "position": {
                        "startLine": 6,
                        "startColumn": 4,
                        "startOffset": 423,
                        "endColumn": 107,
                        "endOffset": 526
                    }
                }
            },
            {
                "to": {
                    "startLine": 56,
                    "startColumn": 4,
                    "startOffset": 6411,
                    "endColumn": 76,
                    "endOffset": 6483
                },
                "from": {
                    "file": "E:\\Android Studio\\meeto\\NewWoffice\\app\\build\\intermediates\\exploded-aar\\com.wdullaer\\materialdatetimepicker\\2.3.0\\res\\values-zh-rCN\\values-zh-rCN.xml",
                    "position": {
                        "startLine": 7,
                        "startColumn": 4,
                        "startOffset": 531,
                        "endColumn": 76,
                        "endOffset": 603
                    }
                }
            },
            {
                "to": {
                    "startLine": 57,
                    "startColumn": 4,
                    "startOffset": 6488,
                    "endColumn": 91,
                    "endOffset": 6575
                },
                "from": {
                    "file": "E:\\Android Studio\\meeto\\NewWoffice\\app\\build\\intermediates\\exploded-aar\\com.wdullaer\\materialdatetimepicker\\2.3.0\\res\\values-zh-rCN\\values-zh-rCN.xml",
                    "position": {
                        "startLine": 8,
                        "startColumn": 4,
                        "startOffset": 608,
                        "endColumn": 91,
                        "endOffset": 695
                    }
                }
            },
            {
                "to": {
                    "startLine": 58,
                    "startColumn": 4,
                    "startOffset": 6580,
                    "endColumn": 113,
                    "endOffset": 6689
                },
                "from": {
                    "file": "E:\\Android Studio\\meeto\\NewWoffice\\app\\build\\intermediates\\exploded-aar\\com.wdullaer\\materialdatetimepicker\\2.3.0\\res\\values-zh-rCN\\values-zh-rCN.xml",
                    "position": {
                        "startLine": 9,
                        "startColumn": 4,
                        "startOffset": 700,
                        "endColumn": 113,
                        "endOffset": 809
                    }
                }
            },
            {
                "to": {
                    "startLine": 59,
                    "startColumn": 4,
                    "startOffset": 6694,
                    "endColumn": 93,
                    "endOffset": 6783
                },
                "from": {
                    "file": "E:\\Android Studio\\meeto\\NewWoffice\\app\\build\\intermediates\\exploded-aar\\com.wdullaer\\materialdatetimepicker\\2.3.0\\res\\values-zh-rCN\\values-zh-rCN.xml",
                    "position": {
                        "startLine": 10,
                        "startColumn": 4,
                        "startOffset": 814,
                        "endColumn": 93,
                        "endOffset": 903
                    }
                }
            },
            {
                "to": {
                    "startLine": 60,
                    "startColumn": 4,
                    "startOffset": 6788,
                    "endColumn": 81,
                    "endOffset": 6865
                },
                "from": {
                    "file": "E:\\Android Studio\\meeto\\NewWoffice\\app\\build\\intermediates\\exploded-aar\\com.wdullaer\\materialdatetimepicker\\2.3.0\\res\\values-zh-rCN\\values-zh-rCN.xml",
                    "position": {
                        "startLine": 11,
                        "startColumn": 4,
                        "startOffset": 908,
                        "endColumn": 81,
                        "endOffset": 985
                    }
                }
            },
            {
                "to": {
                    "startLine": 61,
                    "startColumn": 4,
                    "startOffset": 6870,
                    "endColumn": 80,
                    "endOffset": 6946
                },
                "from": {
                    "file": "E:\\Android Studio\\meeto\\NewWoffice\\app\\build\\intermediates\\exploded-aar\\com.wdullaer\\materialdatetimepicker\\2.3.0\\res\\values-zh-rCN\\values-zh-rCN.xml",
                    "position": {
                        "startLine": 12,
                        "startColumn": 4,
                        "startOffset": 990,
                        "endColumn": 80,
                        "endOffset": 1066
                    }
                }
            },
            {
                "to": {
                    "startLine": 62,
                    "startColumn": 4,
                    "startOffset": 6951,
                    "endColumn": 82,
                    "endOffset": 7029
                },
                "from": {
                    "file": "E:\\Android Studio\\meeto\\NewWoffice\\app\\build\\intermediates\\exploded-aar\\com.wdullaer\\materialdatetimepicker\\2.3.0\\res\\values-zh-rCN\\values-zh-rCN.xml",
                    "position": {
                        "startLine": 13,
                        "startColumn": 4,
                        "startOffset": 1071,
                        "endColumn": 82,
                        "endOffset": 1149
                    }
                }
            },
            {
                "to": {
                    "startLine": 63,
                    "startColumn": 4,
                    "startOffset": 7034,
                    "endColumn": 79,
                    "endOffset": 7109
                },
                "from": {
                    "file": "E:\\Android Studio\\meeto\\NewWoffice\\app\\build\\intermediates\\exploded-aar\\com.wdullaer\\materialdatetimepicker\\2.3.0\\res\\values-zh-rCN\\values-zh-rCN.xml",
                    "position": {
                        "startLine": 14,
                        "startColumn": 4,
                        "startOffset": 1154,
                        "endColumn": 79,
                        "endOffset": 1229
                    }
                }
            },
            {
                "to": {
                    "startLine": 64,
                    "startColumn": 4,
                    "startOffset": 7114,
                    "endColumn": 91,
                    "endOffset": 7201
                },
                "from": {
                    "file": "E:\\Android Studio\\meeto\\NewWoffice\\app\\build\\intermediates\\exploded-aar\\com.wdullaer\\materialdatetimepicker\\2.3.0\\res\\values-zh-rCN\\values-zh-rCN.xml",
                    "position": {
                        "startLine": 15,
                        "startColumn": 4,
                        "startOffset": 1234,
                        "endColumn": 91,
                        "endOffset": 1321
                    }
                }
            },
            {
                "to": {
                    "startLine": 65,
                    "startColumn": 4,
                    "startOffset": 7206,
                    "endColumn": 57,
                    "endOffset": 7259
                },
                "from": {
                    "file": "E:\\Android Studio\\meeto\\NewWoffice\\app\\build\\intermediates\\exploded-aar\\com.facebook.android\\facebook-android-sdk\\4.1.0\\res\\values-zh-rCN\\values.xml",
                    "position": {
                        "startLine": 4,
                        "startColumn": 4,
                        "startOffset": 185,
                        "endColumn": 57,
                        "endOffset": 238
                    }
                }
            },
            {
                "to": {
                    "startLine": 66,
                    "startColumn": 4,
                    "startOffset": 7264,
                    "endColumn": 100,
                    "endOffset": 7360
                },
                "from": {
                    "file": "E:\\Android Studio\\meeto\\NewWoffice\\app\\build\\intermediates\\exploded-aar\\com.android.support\\appcompat-v7\\23.4.0\\res\\values-zh-rCN\\values-zh-rCN.xml",
                    "position": {
                        "startLine": 21,
                        "startColumn": 4,
                        "startOffset": 1874,
                        "endColumn": 100,
                        "endOffset": 1970
                    }
                }
            }
        ]
    }
]