[
    {
        "outputFile": "E:\\Android Studio\\meeto\\NewWoffice\\app\\build\\intermediates\\incremental\\mergeDebugResources\\merged.dir\\values-h330dp-v13\\values-h330dp-v13.xml",
        "map": [
            {
                "to": {
                    "startLine": 2,
                    "startColumn": 4,
                    "startOffset": 55,
                    "endColumn": 69,
                    "endOffset": 120
                },
                "from": {
                    "file": "E:\\Android Studio\\meeto\\NewWoffice\\app\\build\\intermediates\\exploded-aar\\com.wdullaer\\materialdatetimepicker\\2.3.0\\res\\values-h330dp\\values-h330dp.xml",
                    "position": {
                        "startLine": 4,
                        "startColumn": 4,
                        "startOffset": 216,
                        "endColumn": 69,
                        "endOffset": 281
                    }
                }
            },
            {
                "to": {
                    "startLine": 3,
                    "startColumn": 4,
                    "startOffset": 125,
                    "endColumn": 56,
                    "endOffset": 177
                },
                "from": {
                    "file": "E:\\Android Studio\\meeto\\NewWoffice\\app\\build\\intermediates\\exploded-aar\\com.wdullaer\\materialdatetimepicker\\2.3.0\\res\\values-h330dp\\values-h330dp.xml",
                    "position": {
                        "startLine": 5,
                        "startColumn": 4,
                        "startOffset": 286,
                        "endColumn": 56,
                        "endOffset": 338
                    }
                }
            }
        ]
    }
]