[
    {
        "outputFile": "E:\\Android Studio\\meeto\\NewWoffice\\app\\build\\intermediates\\incremental\\mergeDebugResources\\merged.dir\\values-h720dp-v13\\values-h720dp-v13.xml",
        "map": [
            {
                "to": {
                    "startLine": 2,
                    "startColumn": 4,
                    "startOffset": 55,
                    "endColumn": 66,
                    "endOffset": 117
                },
                "from": {
                    "file": "E:\\Android Studio\\meeto\\NewWoffice\\app\\build\\intermediates\\exploded-aar\\com.android.support\\appcompat-v7\\23.4.0\\res\\values-h720dp-v13\\values-h720dp-v13.xml",
                    "position": {
                        "startLine": 2,
                        "startColumn": 4,
                        "startOffset": 55,
                        "endColumn": 66,
                        "endOffset": 117
                    }
                }
            }
        ]
    }
]