[
    {
        "outputFile": "E:\\Android Studio\\meeto\\NewWoffice\\app\\build\\intermediates\\incremental\\mergeDebugResources\\merged.dir\\values-he\\values-he.xml",
        "map": [
            {
                "to": {
                    "startLine": 2,
                    "startColumn": 4,
                    "startOffset": 55,
                    "endColumn": 91,
                    "endOffset": 142
                },
                "from": {
                    "file": "E:\\Android Studio\\meeto\\NewWoffice\\app\\build\\intermediates\\exploded-aar\\com.facebook.android\\facebook-android-sdk\\4.1.0\\res\\values-he\\values.xml",
                    "position": {
                        "startLine": 4,
                        "startColumn": 4,
                        "startOffset": 164,
                        "endColumn": 91,
                        "endOffset": 251
                    }
                }
            },
            {
                "to": {
                    "startLine": 3,
                    "startColumn": 4,
                    "startOffset": 147,
                    "endColumn": 114,
                    "endOffset": 257
                },
                "from": {
                    "file": "E:\\Android Studio\\meeto\\NewWoffice\\app\\build\\intermediates\\exploded-aar\\com.facebook.android\\facebook-android-sdk\\4.1.0\\res\\values-he\\values.xml",
                    "position": {
                        "startLine": 5,
                        "startColumn": 4,
                        "startOffset": 256,
                        "endColumn": 114,
                        "endOffset": 366
                    }
                }
            },
            {
                "to": {
                    "startLine": 4,
                    "startColumn": 4,
                    "startOffset": 262,
                    "endColumn": 94,
                    "endOffset": 352
                },
                "from": {
                    "file": "E:\\Android Studio\\meeto\\NewWoffice\\app\\build\\intermediates\\exploded-aar\\com.facebook.android\\facebook-android-sdk\\4.1.0\\res\\values-he\\values.xml",
                    "position": {
                        "startLine": 6,
                        "startColumn": 4,
                        "startOffset": 371,
                        "endColumn": 94,
                        "endOffset": 461
                    }
                }
            },
            {
                "to": {
                    "startLine": 5,
                    "startColumn": 4,
                    "startOffset": 357,
                    "endColumn": 55,
                    "endOffset": 408
                },
                "from": {
                    "file": "E:\\Android Studio\\meeto\\NewWoffice\\app\\build\\intermediates\\exploded-aar\\com.facebook.android\\facebook-android-sdk\\4.1.0\\res\\values-he\\values.xml",
                    "position": {
                        "startLine": 7,
                        "startColumn": 4,
                        "startOffset": 466,
                        "endColumn": 55,
                        "endOffset": 517
                    }
                }
            },
            {
                "to": {
                    "startLine": 6,
                    "startColumn": 4,
                    "startOffset": 413,
                    "endColumn": 68,
                    "endOffset": 477
                },
                "from": {
                    "file": "E:\\Android Studio\\meeto\\NewWoffice\\app\\build\\intermediates\\exploded-aar\\com.facebook.android\\facebook-android-sdk\\4.1.0\\res\\values-he\\values.xml",
                    "position": {
                        "startLine": 8,
                        "startColumn": 4,
                        "startOffset": 522,
                        "endColumn": 68,
                        "endOffset": 586
                    }
                }
            },
            {
                "to": {
                    "startLine": 7,
                    "startColumn": 4,
                    "startOffset": 482,
                    "endColumn": 79,
                    "endOffset": 557
                },
                "from": {
                    "file": "E:\\Android Studio\\meeto\\NewWoffice\\app\\build\\intermediates\\exploded-aar\\com.facebook.android\\facebook-android-sdk\\4.1.0\\res\\values-he\\values.xml",
                    "position": {
                        "startLine": 9,
                        "startColumn": 4,
                        "startOffset": 591,
                        "endColumn": 79,
                        "endOffset": 666
                    }
                }
            },
            {
                "to": {
                    "startLine": 8,
                    "startColumn": 4,
                    "startOffset": 562,
                    "endColumn": 71,
                    "endOffset": 629
                },
                "from": {
                    "file": "E:\\Android Studio\\meeto\\NewWoffice\\app\\build\\intermediates\\exploded-aar\\com.facebook.android\\facebook-android-sdk\\4.1.0\\res\\values-he\\values.xml",
                    "position": {
                        "startLine": 10,
                        "startColumn": 4,
                        "startOffset": 671,
                        "endColumn": 71,
                        "endOffset": 738
                    }
                }
            },
            {
                "to": {
                    "startLine": 9,
                    "startColumn": 4,
                    "startOffset": 634,
                    "endColumn": 71,
                    "endOffset": 701
                },
                "from": {
                    "file": "E:\\Android Studio\\meeto\\NewWoffice\\app\\build\\intermediates\\exploded-aar\\com.facebook.android\\facebook-android-sdk\\4.1.0\\res\\values-he\\values.xml",
                    "position": {
                        "startLine": 11,
                        "startColumn": 4,
                        "startOffset": 743,
                        "endColumn": 71,
                        "endOffset": 810
                    }
                }
            },
            {
                "to": {
                    "startLine": 10,
                    "startColumn": 4,
                    "startOffset": 706,
                    "endColumn": 79,
                    "endOffset": 781
                },
                "from": {
                    "file": "E:\\Android Studio\\meeto\\NewWoffice\\app\\build\\intermediates\\exploded-aar\\com.facebook.android\\facebook-android-sdk\\4.1.0\\res\\values-he\\values.xml",
                    "position": {
                        "startLine": 12,
                        "startColumn": 4,
                        "startOffset": 815,
                        "endColumn": 79,
                        "endOffset": 890
                    }
                }
            },
            {
                "to": {
                    "startLine": 11,
                    "startColumn": 4,
                    "startOffset": 786,
                    "endColumn": 97,
                    "endOffset": 879
                },
                "from": {
                    "file": "E:\\Android Studio\\meeto\\NewWoffice\\app\\build\\intermediates\\exploded-aar\\com.facebook.android\\facebook-android-sdk\\4.1.0\\res\\values-he\\values.xml",
                    "position": {
                        "startLine": 13,
                        "startColumn": 4,
                        "startOffset": 895,
                        "endColumn": 97,
                        "endOffset": 988
                    }
                }
            }
        ]
    }
]