[
    {
        "outputFile": "E:\\Android Studio\\meeto\\NewWoffice\\app\\build\\intermediates\\incremental\\mergeDebugResources\\merged.dir\\values-en-rIN\\values-en-rIN.xml",
        "map": [
            {
                "to": {
                    "startLine": 2,
                    "startColumn": 4,
                    "startOffset": 105,
                    "endColumn": 103,
                    "endOffset": 204
                },
                "from": {
                    "file": "E:\\Android Studio\\meeto\\NewWoffice\\app\\build\\intermediates\\exploded-aar\\com.android.support\\appcompat-v7\\23.4.0\\res\\values-en-rIN\\values-en-rIN.xml",
                    "position": {
                        "startLine": 2,
                        "startColumn": 4,
                        "startOffset": 55,
                        "endColumn": 103,
                        "endOffset": 154
                    }
                }
            },
            {
                "to": {
                    "startLine": 3,
                    "startColumn": 4,
                    "startOffset": 209,
                    "endColumn": 107,
                    "endOffset": 312
                },
                "from": {
                    "file": "E:\\Android Studio\\meeto\\NewWoffice\\app\\build\\intermediates\\exploded-aar\\com.android.support\\appcompat-v7\\23.4.0\\res\\values-en-rIN\\values-en-rIN.xml",
                    "position": {
                        "startLine": 3,
                        "startColumn": 4,
                        "startOffset": 159,
                        "endColumn": 107,
                        "endOffset": 262
                    }
                }
            },
            {
                "to": {
                    "startLine": 4,
                    "startColumn": 4,
                    "startOffset": 317,
                    "endColumn": 122,
                    "endOffset": 435
                },
                "from": {
                    "file": "E:\\Android Studio\\meeto\\NewWoffice\\app\\build\\intermediates\\exploded-aar\\com.android.support\\appcompat-v7\\23.4.0\\res\\values-en-rIN\\values-en-rIN.xml",
                    "position": {
                        "startLine": 4,
                        "startColumn": 4,
                        "startOffset": 267,
                        "endColumn": 122,
                        "endOffset": 385
                    }
                }
            },
            {
                "to": {
                    "startLine": 5,
                    "startColumn": 4,
                    "startOffset": 440,
                    "endColumn": 99,
                    "endOffset": 535
                },
                "from": {
                    "file": "E:\\Android Studio\\meeto\\NewWoffice\\app\\build\\intermediates\\exploded-aar\\com.android.support\\appcompat-v7\\23.4.0\\res\\values-en-rIN\\values-en-rIN.xml",
                    "position": {
                        "startLine": 5,
                        "startColumn": 4,
                        "startOffset": 390,
                        "endColumn": 99,
                        "endOffset": 485
                    }
                }
            },
            {
                "to": {
                    "startLine": 6,
                    "startColumn": 4,
                    "startOffset": 540,
                    "endColumn": 107,
                    "endOffset": 643
                },
                "from": {
                    "file": "E:\\Android Studio\\meeto\\NewWoffice\\app\\build\\intermediates\\exploded-aar\\com.android.support\\appcompat-v7\\23.4.0\\res\\values-en-rIN\\values-en-rIN.xml",
                    "position": {
                        "startLine": 6,
                        "startColumn": 4,
                        "startOffset": 490,
                        "endColumn": 107,
                        "endOffset": 593
                    }
                }
            },
            {
                "to": {
                    "startLine": 7,
                    "startColumn": 4,
                    "startOffset": 648,
                    "endColumn": 83,
                    "endOffset": 727
                },
                "from": {
                    "file": "E:\\Android Studio\\meeto\\NewWoffice\\app\\build\\intermediates\\exploded-aar\\com.android.support\\appcompat-v7\\23.4.0\\res\\values-en-rIN\\values-en-rIN.xml",
                    "position": {
                        "startLine": 7,
                        "startColumn": 4,
                        "startOffset": 598,
                        "endColumn": 83,
                        "endOffset": 677
                    }
                }
            },
            {
                "to": {
                    "startLine": 8,
                    "startColumn": 4,
                    "startOffset": 732,
                    "endColumn": 99,
                    "endOffset": 827
                },
                "from": {
                    "file": "E:\\Android Studio\\meeto\\NewWoffice\\app\\build\\intermediates\\exploded-aar\\com.android.support\\appcompat-v7\\23.4.0\\res\\values-en-rIN\\values-en-rIN.xml",
                    "position": {
                        "startLine": 8,
                        "startColumn": 4,
                        "startOffset": 682,
                        "endColumn": 99,
                        "endOffset": 777
                    }
                }
            },
            {
                "to": {
                    "startLine": 9,
                    "startColumn": 4,
                    "startOffset": 832,
                    "endColumn": 114,
                    "endOffset": 942
                },
                "from": {
                    "file": "E:\\Android Studio\\meeto\\NewWoffice\\app\\build\\intermediates\\exploded-aar\\com.android.support\\appcompat-v7\\23.4.0\\res\\values-en-rIN\\values-en-rIN.xml",
                    "position": {
                        "startLine": 9,
                        "startColumn": 4,
                        "startOffset": 782,
                        "endColumn": 114,
                        "endOffset": 892
                    }
                }
            },
            {
                "to": {
                    "startLine": 10,
                    "startColumn": 4,
                    "startOffset": 947,
                    "endColumn": 76,
                    "endOffset": 1019
                },
                "from": {
                    "file": "E:\\Android Studio\\meeto\\NewWoffice\\app\\build\\intermediates\\exploded-aar\\com.android.support\\appcompat-v7\\23.4.0\\res\\values-en-rIN\\values-en-rIN.xml",
                    "position": {
                        "startLine": 10,
                        "startColumn": 4,
                        "startOffset": 897,
                        "endColumn": 76,
                        "endOffset": 969
                    }
                }
            },
            {
                "to": {
                    "startLine": 11,
                    "startColumn": 4,
                    "startOffset": 1024,
                    "endColumn": 75,
                    "endOffset": 1095
                },
                "from": {
                    "file": "E:\\Android Studio\\meeto\\NewWoffice\\app\\build\\intermediates\\exploded-aar\\com.android.support\\appcompat-v7\\23.4.0\\res\\values-en-rIN\\values-en-rIN.xml",
                    "position": {
                        "startLine": 11,
                        "startColumn": 4,
                        "startOffset": 974,
                        "endColumn": 75,
                        "endOffset": 1045
                    }
                }
            },
            {
                "to": {
                    "startLine": 12,
                    "startColumn": 4,
                    "startOffset": 1100,
                    "endColumn": 81,
                    "endOffset": 1177
                },
                "from": {
                    "file": "E:\\Android Studio\\meeto\\NewWoffice\\app\\build\\intermediates\\exploded-aar\\com.android.support\\appcompat-v7\\23.4.0\\res\\values-en-rIN\\values-en-rIN.xml",
                    "position": {
                        "startLine": 12,
                        "startColumn": 4,
                        "startOffset": 1050,
                        "endColumn": 81,
                        "endOffset": 1127
                    }
                }
            },
            {
                "to": {
                    "startLine": 13,
                    "startColumn": 4,
                    "startOffset": 1182,
                    "endColumn": 102,
                    "endOffset": 1280
                },
                "from": {
                    "file": "E:\\Android Studio\\meeto\\NewWoffice\\app\\build\\intermediates\\exploded-aar\\com.android.support\\appcompat-v7\\23.4.0\\res\\values-en-rIN\\values-en-rIN.xml",
                    "position": {
                        "startLine": 13,
                        "startColumn": 4,
                        "startOffset": 1132,
                        "endColumn": 102,
                        "endOffset": 1230
                    }
                }
            },
            {
                "to": {
                    "startLine": 14,
                    "startColumn": 4,
                    "startOffset": 1285,
                    "endColumn": 103,
                    "endOffset": 1384
                },
                "from": {
                    "file": "E:\\Android Studio\\meeto\\NewWoffice\\app\\build\\intermediates\\exploded-aar\\com.android.support\\appcompat-v7\\23.4.0\\res\\values-en-rIN\\values-en-rIN.xml",
                    "position": {
                        "startLine": 14,
                        "startColumn": 4,
                        "startOffset": 1235,
                        "endColumn": 103,
                        "endOffset": 1334
                    }
                }
            },
            {
                "to": {
                    "startLine": 15,
                    "startColumn": 4,
                    "startOffset": 1389,
                    "endColumn": 98,
                    "endOffset": 1483
                },
                "from": {
                    "file": "E:\\Android Studio\\meeto\\NewWoffice\\app\\build\\intermediates\\exploded-aar\\com.android.support\\appcompat-v7\\23.4.0\\res\\values-en-rIN\\values-en-rIN.xml",
                    "position": {
                        "startLine": 15,
                        "startColumn": 4,
                        "startOffset": 1339,
                        "endColumn": 98,
                        "endOffset": 1433
                    }
                }
            },
            {
                "to": {
                    "startLine": 16,
                    "startColumn": 4,
                    "startOffset": 1488,
                    "endColumn": 104,
                    "endOffset": 1588
                },
                "from": {
                    "file": "E:\\Android Studio\\meeto\\NewWoffice\\app\\build\\intermediates\\exploded-aar\\com.android.support\\appcompat-v7\\23.4.0\\res\\values-en-rIN\\values-en-rIN.xml",
                    "position": {
                        "startLine": 16,
                        "startColumn": 4,
                        "startOffset": 1438,
                        "endColumn": 104,
                        "endOffset": 1538
                    }
                }
            },
            {
                "to": {
                    "startLine": 17,
                    "startColumn": 4,
                    "startOffset": 1593,
                    "endColumn": 102,
                    "endOffset": 1691
                },
                "from": {
                    "file": "E:\\Android Studio\\meeto\\NewWoffice\\app\\build\\intermediates\\exploded-aar\\com.android.support\\appcompat-v7\\23.4.0\\res\\values-en-rIN\\values-en-rIN.xml",
                    "position": {
                        "startLine": 17,
                        "startColumn": 4,
                        "startOffset": 1543,
                        "endColumn": 102,
                        "endOffset": 1641
                    }
                }
            },
            {
                "to": {
                    "startLine": 18,
                    "startColumn": 4,
                    "startOffset": 1696,
                    "endColumn": 103,
                    "endOffset": 1795
                },
                "from": {
                    "file": "E:\\Android Studio\\meeto\\NewWoffice\\app\\build\\intermediates\\exploded-aar\\com.android.support\\appcompat-v7\\23.4.0\\res\\values-en-rIN\\values-en-rIN.xml",
                    "position": {
                        "startLine": 18,
                        "startColumn": 4,
                        "startOffset": 1646,
                        "endColumn": 103,
                        "endOffset": 1745
                    }
                }
            },
            {
                "to": {
                    "startLine": 19,
                    "startColumn": 4,
                    "startOffset": 1800,
                    "endColumn": 118,
                    "endOffset": 1914
                },
                "from": {
                    "file": "E:\\Android Studio\\meeto\\NewWoffice\\app\\build\\intermediates\\exploded-aar\\com.android.support\\appcompat-v7\\23.4.0\\res\\values-en-rIN\\values-en-rIN.xml",
                    "position": {
                        "startLine": 19,
                        "startColumn": 4,
                        "startOffset": 1750,
                        "endColumn": 118,
                        "endOffset": 1864
                    }
                }
            },
            {
                "to": {
                    "startLine": 20,
                    "startColumn": 4,
                    "startOffset": 1919,
                    "endColumn": 99,
                    "endOffset": 2014
                },
                "from": {
                    "file": "E:\\Android Studio\\meeto\\NewWoffice\\app\\build\\intermediates\\exploded-aar\\com.android.support\\appcompat-v7\\23.4.0\\res\\values-en-rIN\\values-en-rIN.xml",
                    "position": {
                        "startLine": 20,
                        "startColumn": 4,
                        "startOffset": 1869,
                        "endColumn": 99,
                        "endOffset": 1964
                    }
                }
            },
            {
                "to": {
                    "startLine": 21,
                    "startColumn": 4,
                    "startOffset": 2019,
                    "endColumn": 186,
                    "endOffset": 2201
                },
                "from": {
                    "file": "E:\\Android Studio\\meeto\\NewWoffice\\app\\build\\intermediates\\exploded-aar\\com.google.android.gms\\play-services-basement\\8.3.0\\res\\values-en-rIN\\common_strings.xml",
                    "position": {
                        "startLine": 5,
                        "startColumn": 4,
                        "startOffset": 481,
                        "endColumn": 190,
                        "endOffset": 667
                    }
                }
            },
            {
                "to": {
                    "startLine": 22,
                    "startColumn": 4,
                    "startOffset": 2206,
                    "endColumn": 174,
                    "endOffset": 2376
                },
                "from": {
                    "file": "E:\\Android Studio\\meeto\\NewWoffice\\app\\build\\intermediates\\exploded-aar\\com.google.android.gms\\play-services-basement\\8.3.0\\res\\values-en-rIN\\common_strings.xml",
                    "position": {
                        "startLine": 18,
                        "startColumn": 4,
                        "startOffset": 2567,
                        "endColumn": 178,
                        "endOffset": 2741
                    }
                }
            },
            {
                "to": {
                    "startLine": 23,
                    "startColumn": 4,
                    "startOffset": 2381,
                    "endColumn": 110,
                    "endOffset": 2487
                },
                "from": {
                    "file": "E:\\Android Studio\\meeto\\NewWoffice\\app\\build\\intermediates\\exploded-aar\\com.google.android.gms\\play-services-basement\\8.3.0\\res\\values-en-rIN\\common_strings.xml",
                    "position": {
                        "startLine": 16,
                        "startColumn": 4,
                        "startOffset": 2269,
                        "endColumn": 110,
                        "endOffset": 2375
                    }
                }
            },
            {
                "to": {
                    "startLine": 24,
                    "startColumn": 4,
                    "startOffset": 2492,
                    "endColumn": 261,
                    "endOffset": 2749
                },
                "from": {
                    "file": "E:\\Android Studio\\meeto\\NewWoffice\\app\\build\\intermediates\\exploded-aar\\com.google.android.gms\\play-services-basement\\8.3.0\\res\\values-en-rIN\\common_strings.xml",
                    "position": {
                        "startLine": 30,
                        "startColumn": 4,
                        "startOffset": 4417,
                        "endColumn": 265,
                        "endOffset": 4678
                    }
                }
            },
            {
                "to": {
                    "startLine": 25,
                    "startColumn": 4,
                    "startOffset": 2754,
                    "endColumn": 127,
                    "endOffset": 2877
                },
                "from": {
                    "file": "E:\\Android Studio\\meeto\\NewWoffice\\app\\build\\intermediates\\exploded-aar\\com.google.android.gms\\play-services-basement\\8.3.0\\res\\values-en-rIN\\common_strings.xml",
                    "position": {
                        "startLine": 14,
                        "startColumn": 4,
                        "startOffset": 2014,
                        "endColumn": 127,
                        "endOffset": 2137
                    }
                }
            },
            {
                "to": {
                    "startLine": 26,
                    "startColumn": 4,
                    "startOffset": 2882,
                    "endColumn": 183,
                    "endOffset": 3061
                },
                "from": {
                    "file": "E:\\Android Studio\\meeto\\NewWoffice\\app\\build\\intermediates\\exploded-aar\\com.google.android.gms\\play-services-basement\\8.3.0\\res\\values-en-rIN\\common_strings.xml",
                    "position": {
                        "startLine": 13,
                        "startColumn": 4,
                        "startOffset": 1826,
                        "endColumn": 187,
                        "endOffset": 2009
                    }
                }
            },
            {
                "to": {
                    "startLine": 27,
                    "startColumn": 4,
                    "startOffset": 3066,
                    "endColumn": 125,
                    "endOffset": 3187
                },
                "from": {
                    "file": "E:\\Android Studio\\meeto\\NewWoffice\\app\\build\\intermediates\\exploded-aar\\com.google.android.gms\\play-services-basement\\8.3.0\\res\\values-en-rIN\\common_strings.xml",
                    "position": {
                        "startLine": 12,
                        "startColumn": 4,
                        "startOffset": 1700,
                        "endColumn": 125,
                        "endOffset": 1821
                    }
                }
            },
            {
                "to": {
                    "startLine": 28,
                    "startColumn": 4,
                    "startOffset": 3192,
                    "endColumn": 168,
                    "endOffset": 3356
                },
                "from": {
                    "file": "E:\\Android Studio\\meeto\\NewWoffice\\app\\build\\intermediates\\exploded-aar\\com.google.android.gms\\play-services-basement\\8.3.0\\res\\values-en-rIN\\common_strings.xml",
                    "position": {
                        "startLine": 7,
                        "startColumn": 4,
                        "startOffset": 839,
                        "endColumn": 172,
                        "endOffset": 1007
                    }
                }
            },
            {
                "to": {
                    "startLine": 29,
                    "startColumn": 4,
                    "startOffset": 3361,
                    "endColumn": 125,
                    "endOffset": 3482
                },
                "from": {
                    "file": "E:\\Android Studio\\meeto\\NewWoffice\\app\\build\\intermediates\\exploded-aar\\com.google.android.gms\\play-services-basement\\8.3.0\\res\\values-en-rIN\\common_strings.xml",
                    "position": {
                        "startLine": 11,
                        "startColumn": 4,
                        "startOffset": 1574,
                        "endColumn": 125,
                        "endOffset": 1695
                    }
                }
            },
            {
                "to": {
                    "startLine": 30,
                    "startColumn": 4,
                    "startOffset": 3487,
                    "endColumn": 214,
                    "endOffset": 3697
                },
                "from": {
                    "file": "E:\\Android Studio\\meeto\\NewWoffice\\app\\build\\intermediates\\exploded-aar\\com.google.android.gms\\play-services-basement\\8.3.0\\res\\values-en-rIN\\common_strings.xml",
                    "position": {
                        "startLine": 9,
                        "startColumn": 4,
                        "startOffset": 1135,
                        "endColumn": 218,
                        "endOffset": 1349
                    }
                }
            },
            {
                "to": {
                    "startLine": 31,
                    "startColumn": 4,
                    "startOffset": 3702,
                    "endColumn": 215,
                    "endOffset": 3913
                },
                "from": {
                    "file": "E:\\Android Studio\\meeto\\NewWoffice\\app\\build\\intermediates\\exploded-aar\\com.google.android.gms\\play-services-basement\\8.3.0\\res\\values-en-rIN\\common_strings.xml",
                    "position": {
                        "startLine": 10,
                        "startColumn": 4,
                        "startOffset": 1354,
                        "endColumn": 219,
                        "endOffset": 1569
                    }
                }
            },
            {
                "to": {
                    "startLine": 32,
                    "startColumn": 4,
                    "startOffset": 3918,
                    "endColumn": 122,
                    "endOffset": 4036
                },
                "from": {
                    "file": "E:\\Android Studio\\meeto\\NewWoffice\\app\\build\\intermediates\\exploded-aar\\com.google.android.gms\\play-services-basement\\8.3.0\\res\\values-en-rIN\\common_strings.xml",
                    "position": {
                        "startLine": 8,
                        "startColumn": 4,
                        "startOffset": 1012,
                        "endColumn": 122,
                        "endOffset": 1130
                    }
                }
            },
            {
                "to": {
                    "startLine": 33,
                    "startColumn": 4,
                    "startOffset": 4041,
                    "endColumn": 194,
                    "endOffset": 4231
                },
                "from": {
                    "file": "E:\\Android Studio\\meeto\\NewWoffice\\app\\build\\intermediates\\exploded-aar\\com.google.android.gms\\play-services-basement\\8.3.0\\res\\values-en-rIN\\common_strings.xml",
                    "position": {
                        "startLine": 24,
                        "startColumn": 4,
                        "startOffset": 3504,
                        "endColumn": 194,
                        "endOffset": 3694
                    }
                }
            },
            {
                "to": {
                    "startLine": 34,
                    "startColumn": 4,
                    "startOffset": 4236,
                    "endColumn": 123,
                    "endOffset": 4355
                },
                "from": {
                    "file": "E:\\Android Studio\\meeto\\NewWoffice\\app\\build\\intermediates\\exploded-aar\\com.google.android.gms\\play-services-basement\\8.3.0\\res\\values-en-rIN\\common_strings.xml",
                    "position": {
                        "startLine": 23,
                        "startColumn": 4,
                        "startOffset": 3380,
                        "endColumn": 123,
                        "endOffset": 3499
                    }
                }
            },
            {
                "to": {
                    "startLine": 35,
                    "startColumn": 4,
                    "startOffset": 4360,
                    "endColumn": 166,
                    "endOffset": 4522
                },
                "from": {
                    "file": "E:\\Android Studio\\meeto\\NewWoffice\\app\\build\\intermediates\\exploded-aar\\com.google.android.gms\\play-services-basement\\8.3.0\\res\\values-en-rIN\\common_strings.xml",
                    "position": {
                        "startLine": 6,
                        "startColumn": 4,
                        "startOffset": 672,
                        "endColumn": 166,
                        "endOffset": 834
                    }
                }
            },
            {
                "to": {
                    "startLine": 36,
                    "startColumn": 4,
                    "startOffset": 4527,
                    "endColumn": 170,
                    "endOffset": 4693
                },
                "from": {
                    "file": "E:\\Android Studio\\meeto\\NewWoffice\\app\\build\\intermediates\\exploded-aar\\com.google.android.gms\\play-services-basement\\8.3.0\\res\\values-en-rIN\\common_strings.xml",
                    "position": {
                        "startLine": 22,
                        "startColumn": 4,
                        "startOffset": 3209,
                        "endColumn": 170,
                        "endOffset": 3375
                    }
                }
            },
            {
                "to": {
                    "startLine": 37,
                    "startColumn": 4,
                    "startOffset": 4698,
                    "endColumn": 119,
                    "endOffset": 4813
                },
                "from": {
                    "file": "E:\\Android Studio\\meeto\\NewWoffice\\app\\build\\intermediates\\exploded-aar\\com.google.android.gms\\play-services-basement\\8.3.0\\res\\values-en-rIN\\common_strings.xml",
                    "position": {
                        "startLine": 21,
                        "startColumn": 4,
                        "startOffset": 3089,
                        "endColumn": 119,
                        "endOffset": 3204
                    }
                }
            },
            {
                "to": {
                    "startLine": 38,
                    "startColumn": 4,
                    "startOffset": 4818,
                    "endColumn": 177,
                    "endOffset": 4991
                },
                "from": {
                    "file": "E:\\Android Studio\\meeto\\NewWoffice\\app\\build\\intermediates\\exploded-aar\\com.google.android.gms\\play-services-basement\\8.3.0\\res\\values-en-rIN\\common_strings.xml",
                    "position": {
                        "startLine": 4,
                        "startColumn": 4,
                        "startOffset": 303,
                        "endColumn": 177,
                        "endOffset": 476
                    }
                }
            },
            {
                "to": {
                    "startLine": 39,
                    "startColumn": 4,
                    "startOffset": 4996,
                    "endColumn": 132,
                    "endOffset": 5124
                },
                "from": {
                    "file": "E:\\Android Studio\\meeto\\NewWoffice\\app\\build\\intermediates\\exploded-aar\\com.google.android.gms\\play-services-basement\\8.3.0\\res\\values-en-rIN\\common_strings.xml",
                    "position": {
                        "startLine": 3,
                        "startColumn": 4,
                        "startOffset": 170,
                        "endColumn": 132,
                        "endOffset": 298
                    }
                }
            },
            {
                "to": {
                    "startLine": 40,
                    "startColumn": 4,
                    "startOffset": 5129,
                    "endColumn": 180,
                    "endOffset": 5305
                },
                "from": {
                    "file": "E:\\Android Studio\\meeto\\NewWoffice\\app\\build\\intermediates\\exploded-aar\\com.google.android.gms\\play-services-basement\\8.3.0\\res\\values-en-rIN\\common_strings.xml",
                    "position": {
                        "startLine": 32,
                        "startColumn": 4,
                        "startOffset": 4805,
                        "endColumn": 180,
                        "endOffset": 4981
                    }
                }
            },
            {
                "to": {
                    "startLine": 41,
                    "startColumn": 4,
                    "startOffset": 5310,
                    "endColumn": 121,
                    "endOffset": 5427
                },
                "from": {
                    "file": "E:\\Android Studio\\meeto\\NewWoffice\\app\\build\\intermediates\\exploded-aar\\com.google.android.gms\\play-services-basement\\8.3.0\\res\\values-en-rIN\\common_strings.xml",
                    "position": {
                        "startLine": 31,
                        "startColumn": 4,
                        "startOffset": 4683,
                        "endColumn": 121,
                        "endOffset": 4800
                    }
                }
            },
            {
                "to": {
                    "startLine": 42,
                    "startColumn": 4,
                    "startOffset": 5432,
                    "endColumn": 140,
                    "endOffset": 5568
                },
                "from": {
                    "file": "E:\\Android Studio\\meeto\\NewWoffice\\app\\build\\intermediates\\exploded-aar\\com.google.android.gms\\play-services-basement\\8.3.0\\res\\values-en-rIN\\common_strings.xml",
                    "position": {
                        "startLine": 25,
                        "startColumn": 4,
                        "startOffset": 3699,
                        "endColumn": 140,
                        "endOffset": 3835
                    }
                }
            },
            {
                "to": {
                    "startLine": 43,
                    "startColumn": 4,
                    "startOffset": 5573,
                    "endColumn": 248,
                    "endOffset": 5817
                },
                "from": {
                    "file": "E:\\Android Studio\\meeto\\NewWoffice\\app\\build\\intermediates\\exploded-aar\\com.google.android.gms\\play-services-basement\\8.3.0\\res\\values-en-rIN\\common_strings.xml",
                    "position": {
                        "startLine": 27,
                        "startColumn": 4,
                        "startOffset": 3965,
                        "endColumn": 252,
                        "endOffset": 4213
                    }
                }
            },
            {
                "to": {
                    "startLine": 44,
                    "startColumn": 4,
                    "startOffset": 5822,
                    "endColumn": 124,
                    "endOffset": 5942
                },
                "from": {
                    "file": "E:\\Android Studio\\meeto\\NewWoffice\\app\\build\\intermediates\\exploded-aar\\com.google.android.gms\\play-services-basement\\8.3.0\\res\\values-en-rIN\\common_strings.xml",
                    "position": {
                        "startLine": 26,
                        "startColumn": 4,
                        "startOffset": 3840,
                        "endColumn": 124,
                        "endOffset": 3960
                    }
                }
            },
            {
                "to": {
                    "startLine": 45,
                    "startColumn": 4,
                    "startOffset": 5947,
                    "endColumn": 106,
                    "endOffset": 6049
                },
                "from": {
                    "file": "E:\\Android Studio\\meeto\\NewWoffice\\app\\build\\intermediates\\exploded-aar\\com.google.android.gms\\play-services-basement\\8.3.0\\res\\values-en-rIN\\common_strings.xml",
                    "position": {
                        "startLine": 28,
                        "startColumn": 4,
                        "startOffset": 4218,
                        "endColumn": 106,
                        "endOffset": 4320
                    }
                }
            },
            {
                "to": {
                    "startLine": 46,
                    "startColumn": 4,
                    "startOffset": 6054,
                    "endColumn": 182,
                    "endOffset": 6232
                },
                "from": {
                    "file": "E:\\Android Studio\\meeto\\NewWoffice\\app\\build\\intermediates\\exploded-aar\\com.google.android.gms\\play-services-basement\\8.3.0\\res\\values-en-rIN\\common_strings.xml",
                    "position": {
                        "startLine": 17,
                        "startColumn": 4,
                        "startOffset": 2380,
                        "endColumn": 186,
                        "endOffset": 2562
                    }
                }
            },
            {
                "to": {
                    "startLine": 47,
                    "startColumn": 4,
                    "startOffset": 6237,
                    "endColumn": 126,
                    "endOffset": 6359
                },
                "from": {
                    "file": "E:\\Android Studio\\meeto\\NewWoffice\\app\\build\\intermediates\\exploded-aar\\com.google.android.gms\\play-services-basement\\8.3.0\\res\\values-en-rIN\\common_strings.xml",
                    "position": {
                        "startLine": 15,
                        "startColumn": 4,
                        "startOffset": 2142,
                        "endColumn": 126,
                        "endOffset": 2264
                    }
                }
            },
            {
                "to": {
                    "startLine": 48,
                    "startColumn": 4,
                    "startOffset": 6364,
                    "endColumn": 204,
                    "endOffset": 6564
                },
                "from": {
                    "file": "E:\\Android Studio\\meeto\\NewWoffice\\app\\build\\intermediates\\exploded-aar\\com.google.android.gms\\play-services-basement\\8.3.0\\res\\values-en-rIN\\common_strings.xml",
                    "position": {
                        "startLine": 20,
                        "startColumn": 4,
                        "startOffset": 2880,
                        "endColumn": 208,
                        "endOffset": 3084
                    }
                }
            },
            {
                "to": {
                    "startLine": 49,
                    "startColumn": 4,
                    "startOffset": 6569,
                    "endColumn": 133,
                    "endOffset": 6698
                },
                "from": {
                    "file": "E:\\Android Studio\\meeto\\NewWoffice\\app\\build\\intermediates\\exploded-aar\\com.google.android.gms\\play-services-basement\\8.3.0\\res\\values-en-rIN\\common_strings.xml",
                    "position": {
                        "startLine": 19,
                        "startColumn": 4,
                        "startOffset": 2746,
                        "endColumn": 133,
                        "endOffset": 2875
                    }
                }
            },
            {
                "to": {
                    "startLine": 50,
                    "startColumn": 4,
                    "startOffset": 6703,
                    "endColumn": 91,
                    "endOffset": 6790
                },
                "from": {
                    "file": "E:\\Android Studio\\meeto\\NewWoffice\\app\\build\\intermediates\\exploded-aar\\com.google.android.gms\\play-services-basement\\8.3.0\\res\\values-en-rIN\\common_strings.xml",
                    "position": {
                        "startLine": 29,
                        "startColumn": 4,
                        "startOffset": 4325,
                        "endColumn": 91,
                        "endOffset": 4412
                    }
                }
            },
            {
                "to": {
                    "startLine": 51,
                    "startColumn": 4,
                    "startOffset": 6795,
                    "endColumn": 91,
                    "endOffset": 6882
                },
                "from": {
                    "file": "E:\\Android Studio\\meeto\\NewWoffice\\app\\build\\intermediates\\exploded-aar\\com.google.android.gms\\play-services-base\\8.3.0\\res\\values-en-rIN\\base_strings.xml",
                    "position": {
                        "startLine": 3,
                        "startColumn": 4,
                        "startOffset": 170,
                        "endColumn": 91,
                        "endOffset": 257
                    }
                }
            },
            {
                "to": {
                    "startLine": 52,
                    "startColumn": 4,
                    "startOffset": 6887,
                    "endColumn": 108,
                    "endOffset": 6991
                },
                "from": {
                    "file": "E:\\Android Studio\\meeto\\NewWoffice\\app\\build\\intermediates\\exploded-aar\\com.google.android.gms\\play-services-base\\8.3.0\\res\\values-en-rIN\\base_strings.xml",
                    "position": {
                        "startLine": 4,
                        "startColumn": 4,
                        "startOffset": 262,
                        "endColumn": 108,
                        "endOffset": 366
                    }
                }
            },
            {
                "to": {
                    "startLine": 53,
                    "startColumn": 4,
                    "startOffset": 6996,
                    "endColumn": 60,
                    "endOffset": 7052
                },
                "from": {
                    "file": "E:\\Android Studio\\meeto\\NewWoffice\\app\\build\\intermediates\\exploded-aar\\com.wdullaer\\materialdatetimepicker\\2.3.0\\res\\values-en-rIN\\values-en-rIN.xml",
                    "position": {
                        "startLine": 4,
                        "startColumn": 4,
                        "startOffset": 267,
                        "endColumn": 60,
                        "endOffset": 323
                    }
                }
            },
            {
                "to": {
                    "startLine": 54,
                    "startColumn": 4,
                    "startOffset": 7057,
                    "endColumn": 104,
                    "endOffset": 7157
                },
                "from": {
                    "file": "E:\\Android Studio\\meeto\\NewWoffice\\app\\build\\intermediates\\exploded-aar\\com.wdullaer\\materialdatetimepicker\\2.3.0\\res\\values-en-rIN\\values-en-rIN.xml",
                    "position": {
                        "startLine": 5,
                        "startColumn": 4,
                        "startOffset": 328,
                        "endColumn": 104,
                        "endOffset": 428
                    }
                }
            },
            {
                "to": {
                    "startLine": 55,
                    "startColumn": 4,
                    "startOffset": 7162,
                    "endColumn": 111,
                    "endOffset": 7269
                },
                "from": {
                    "file": "E:\\Android Studio\\meeto\\NewWoffice\\app\\build\\intermediates\\exploded-aar\\com.wdullaer\\materialdatetimepicker\\2.3.0\\res\\values-en-rIN\\values-en-rIN.xml",
                    "position": {
                        "startLine": 6,
                        "startColumn": 4,
                        "startOffset": 433,
                        "endColumn": 111,
                        "endOffset": 540
                    }
                }
            },
            {
                "to": {
                    "startLine": 56,
                    "startColumn": 4,
                    "startOffset": 7274,
                    "endColumn": 78,
                    "endOffset": 7348
                },
                "from": {
                    "file": "E:\\Android Studio\\meeto\\NewWoffice\\app\\build\\intermediates\\exploded-aar\\com.wdullaer\\materialdatetimepicker\\2.3.0\\res\\values-en-rIN\\values-en-rIN.xml",
                    "position": {
                        "startLine": 7,
                        "startColumn": 4,
                        "startOffset": 545,
                        "endColumn": 78,
                        "endOffset": 619
                    }
                }
            },
            {
                "to": {
                    "startLine": 57,
                    "startColumn": 4,
                    "startOffset": 7353,
                    "endColumn": 108,
                    "endOffset": 7457
                },
                "from": {
                    "file": "E:\\Android Studio\\meeto\\NewWoffice\\app\\build\\intermediates\\exploded-aar\\com.wdullaer\\materialdatetimepicker\\2.3.0\\res\\values-en-rIN\\values-en-rIN.xml",
                    "position": {
                        "startLine": 8,
                        "startColumn": 4,
                        "startOffset": 624,
                        "endColumn": 108,
                        "endOffset": 728
                    }
                }
            },
            {
                "to": {
                    "startLine": 58,
                    "startColumn": 4,
                    "startOffset": 7462,
                    "endColumn": 118,
                    "endOffset": 7576
                },
                "from": {
                    "file": "E:\\Android Studio\\meeto\\NewWoffice\\app\\build\\intermediates\\exploded-aar\\com.wdullaer\\materialdatetimepicker\\2.3.0\\res\\values-en-rIN\\values-en-rIN.xml",
                    "position": {
                        "startLine": 9,
                        "startColumn": 4,
                        "startOffset": 733,
                        "endColumn": 118,
                        "endOffset": 847
                    }
                }
            },
            {
                "to": {
                    "startLine": 59,
                    "startColumn": 4,
                    "startOffset": 7581,
                    "endColumn": 112,
                    "endOffset": 7689
                },
                "from": {
                    "file": "E:\\Android Studio\\meeto\\NewWoffice\\app\\build\\intermediates\\exploded-aar\\com.wdullaer\\materialdatetimepicker\\2.3.0\\res\\values-en-rIN\\values-en-rIN.xml",
                    "position": {
                        "startLine": 10,
                        "startColumn": 4,
                        "startOffset": 852,
                        "endColumn": 112,
                        "endOffset": 960
                    }
                }
            },
            {
                "to": {
                    "startLine": 60,
                    "startColumn": 4,
                    "startOffset": 7694,
                    "endColumn": 94,
                    "endOffset": 7784
                },
                "from": {
                    "file": "E:\\Android Studio\\meeto\\NewWoffice\\app\\build\\intermediates\\exploded-aar\\com.wdullaer\\materialdatetimepicker\\2.3.0\\res\\values-en-rIN\\values-en-rIN.xml",
                    "position": {
                        "startLine": 11,
                        "startColumn": 4,
                        "startOffset": 965,
                        "endColumn": 94,
                        "endOffset": 1055
                    }
                }
            },
            {
                "to": {
                    "startLine": 61,
                    "startColumn": 4,
                    "startOffset": 7789,
                    "endColumn": 88,
                    "endOffset": 7873
                },
                "from": {
                    "file": "E:\\Android Studio\\meeto\\NewWoffice\\app\\build\\intermediates\\exploded-aar\\com.wdullaer\\materialdatetimepicker\\2.3.0\\res\\values-en-rIN\\values-en-rIN.xml",
                    "position": {
                        "startLine": 12,
                        "startColumn": 4,
                        "startOffset": 1060,
                        "endColumn": 88,
                        "endOffset": 1144
                    }
                }
            },
            {
                "to": {
                    "startLine": 62,
                    "startColumn": 4,
                    "startOffset": 7878,
                    "endColumn": 92,
                    "endOffset": 7966
                },
                "from": {
                    "file": "E:\\Android Studio\\meeto\\NewWoffice\\app\\build\\intermediates\\exploded-aar\\com.wdullaer\\materialdatetimepicker\\2.3.0\\res\\values-en-rIN\\values-en-rIN.xml",
                    "position": {
                        "startLine": 13,
                        "startColumn": 4,
                        "startOffset": 1149,
                        "endColumn": 92,
                        "endOffset": 1237
                    }
                }
            },
            {
                "to": {
                    "startLine": 63,
                    "startColumn": 4,
                    "startOffset": 7971,
                    "endColumn": 86,
                    "endOffset": 8053
                },
                "from": {
                    "file": "E:\\Android Studio\\meeto\\NewWoffice\\app\\build\\intermediates\\exploded-aar\\com.wdullaer\\materialdatetimepicker\\2.3.0\\res\\values-en-rIN\\values-en-rIN.xml",
                    "position": {
                        "startLine": 14,
                        "startColumn": 4,
                        "startOffset": 1242,
                        "endColumn": 86,
                        "endOffset": 1324
                    }
                }
            },
            {
                "to": {
                    "startLine": 64,
                    "startColumn": 4,
                    "startOffset": 8058,
                    "endColumn": 96,
                    "endOffset": 8150
                },
                "from": {
                    "file": "E:\\Android Studio\\meeto\\NewWoffice\\app\\build\\intermediates\\exploded-aar\\com.wdullaer\\materialdatetimepicker\\2.3.0\\res\\values-en-rIN\\values-en-rIN.xml",
                    "position": {
                        "startLine": 15,
                        "startColumn": 4,
                        "startOffset": 1329,
                        "endColumn": 96,
                        "endOffset": 1421
                    }
                }
            },
            {
                "to": {
                    "startLine": 65,
                    "startColumn": 4,
                    "startOffset": 8155,
                    "endColumn": 100,
                    "endOffset": 8251
                },
                "from": {
                    "file": "E:\\Android Studio\\meeto\\NewWoffice\\app\\build\\intermediates\\exploded-aar\\com.android.support\\appcompat-v7\\23.4.0\\res\\values-en-rIN\\values-en-rIN.xml",
                    "position": {
                        "startLine": 21,
                        "startColumn": 4,
                        "startOffset": 1969,
                        "endColumn": 100,
                        "endOffset": 2065
                    }
                }
            }
        ]
    }
]