[
    {
        "outputFile": "E:\\Android Studio\\meeto\\NewWoffice\\app\\build\\intermediates\\incremental\\mergeDebugResources\\merged.dir\\values-sw600dp-v13\\values-sw600dp-v13.xml",
        "map": [
            {
                "to": {
                    "startLine": 2,
                    "startColumn": 4,
                    "startOffset": 55,
                    "endColumn": 68,
                    "endOffset": 119
                },
                "from": {
                    "file": "E:\\Android Studio\\meeto\\NewWoffice\\app\\build\\intermediates\\exploded-aar\\com.android.support\\appcompat-v7\\23.4.0\\res\\values-sw600dp-v13\\values-sw600dp-v13.xml",
                    "position": {
                        "startLine": 2,
                        "startColumn": 4,
                        "startOffset": 55,
                        "endColumn": 68,
                        "endOffset": 119
                    }
                }
            },
            {
                "to": {
                    "startLine": 3,
                    "startColumn": 4,
                    "startOffset": 124,
                    "endColumn": 69,
                    "endOffset": 189
                },
                "from": {
                    "file": "E:\\Android Studio\\meeto\\NewWoffice\\app\\build\\intermediates\\exploded-aar\\com.android.support\\appcompat-v7\\23.4.0\\res\\values-sw600dp-v13\\values-sw600dp-v13.xml",
                    "position": {
                        "startLine": 3,
                        "startColumn": 4,
                        "startOffset": 124,
                        "endColumn": 69,
                        "endOffset": 189
                    }
                }
            },
            {
                "to": {
                    "startLine": 4,
                    "startColumn": 4,
                    "startOffset": 194,
                    "endColumn": 73,
                    "endOffset": 263
                },
                "from": {
                    "file": "E:\\Android Studio\\meeto\\NewWoffice\\app\\build\\intermediates\\exploded-aar\\com.android.support\\appcompat-v7\\23.4.0\\res\\values-sw600dp-v13\\values-sw600dp-v13.xml",
                    "position": {
                        "startLine": 4,
                        "startColumn": 4,
                        "startOffset": 194,
                        "endColumn": 73,
                        "endOffset": 263
                    }
                }
            },
            {
                "to": {
                    "startLine": 5,
                    "startColumn": 4,
                    "startOffset": 268,
                    "endColumn": 75,
                    "endOffset": 339
                },
                "from": {
                    "file": "E:\\Android Studio\\meeto\\NewWoffice\\app\\build\\intermediates\\exploded-aar\\com.android.support\\appcompat-v7\\23.4.0\\res\\values-sw600dp-v13\\values-sw600dp-v13.xml",
                    "position": {
                        "startLine": 5,
                        "startColumn": 4,
                        "startOffset": 268,
                        "endColumn": 75,
                        "endOffset": 339
                    }
                }
            },
            {
                "to": {
                    "startLine": 6,
                    "startColumn": 4,
                    "startOffset": 344,
                    "endColumn": 58,
                    "endOffset": 398
                },
                "from": {
                    "file": "E:\\Android Studio\\meeto\\NewWoffice\\app\\build\\intermediates\\exploded-aar\\com.android.support\\appcompat-v7\\23.4.0\\res\\values-sw600dp-v13\\values-sw600dp-v13.xml",
                    "position": {
                        "startLine": 6,
                        "startColumn": 4,
                        "startOffset": 344,
                        "endColumn": 58,
                        "endOffset": 398
                    }
                }
            },
            {
                "to": {
                    "startLine": 7,
                    "startColumn": 4,
                    "startOffset": 403,
                    "endColumn": 70,
                    "endOffset": 469
                },
                "from": {
                    "file": "E:\\Android Studio\\meeto\\NewWoffice\\app\\build\\intermediates\\exploded-aar\\com.android.support\\appcompat-v7\\23.4.0\\res\\values-sw600dp-v13\\values-sw600dp-v13.xml",
                    "position": {
                        "startLine": 7,
                        "startColumn": 4,
                        "startOffset": 403,
                        "endColumn": 70,
                        "endOffset": 469
                    }
                }
            },
            {
                "to": {
                    "startLine": 8,
                    "startColumn": 4,
                    "startOffset": 474,
                    "endColumn": 67,
                    "endOffset": 537
                },
                "from": {
                    "file": "E:\\Android Studio\\meeto\\NewWoffice\\app\\build\\intermediates\\exploded-aar\\com.android.support\\appcompat-v7\\23.4.0\\res\\values-sw600dp-v13\\values-sw600dp-v13.xml",
                    "position": {
                        "startLine": 8,
                        "startColumn": 4,
                        "startOffset": 474,
                        "endColumn": 67,
                        "endOffset": 537
                    }
                }
            },
            {
                "to": {
                    "startLine": 9,
                    "startColumn": 4,
                    "startOffset": 542,
                    "endColumn": 59,
                    "endOffset": 597
                },
                "from": {
                    "file": "E:\\Android Studio\\meeto\\NewWoffice\\app\\build\\intermediates\\exploded-aar\\com.android.support\\design\\23.4.0\\res\\values-sw600dp-v13\\values-sw600dp-v13.xml",
                    "position": {
                        "startLine": 2,
                        "startColumn": 4,
                        "startOffset": 55,
                        "endColumn": 59,
                        "endOffset": 110
                    }
                }
            },
            {
                "to": {
                    "startLine": 10,
                    "startColumn": 4,
                    "startOffset": 602,
                    "endColumn": 69,
                    "endOffset": 667
                },
                "from": {
                    "file": "E:\\Android Studio\\meeto\\NewWoffice\\app\\build\\intermediates\\exploded-aar\\com.android.support\\design\\23.4.0\\res\\values-sw600dp-v13\\values-sw600dp-v13.xml",
                    "position": {
                        "startLine": 3,
                        "startColumn": 4,
                        "startOffset": 115,
                        "endColumn": 69,
                        "endOffset": 180
                    }
                }
            },
            {
                "to": {
                    "startLine": 11,
                    "startColumn": 4,
                    "startOffset": 672,
                    "endColumn": 70,
                    "endOffset": 738
                },
                "from": {
                    "file": "E:\\Android Studio\\meeto\\NewWoffice\\app\\build\\intermediates\\exploded-aar\\com.android.support\\design\\23.4.0\\res\\values-sw600dp-v13\\values-sw600dp-v13.xml",
                    "position": {
                        "startLine": 4,
                        "startColumn": 4,
                        "startOffset": 185,
                        "endColumn": 70,
                        "endOffset": 251
                    }
                }
            },
            {
                "to": {
                    "startLine": 12,
                    "startColumn": 4,
                    "startOffset": 743,
                    "endColumn": 71,
                    "endOffset": 810
                },
                "from": {
                    "file": "E:\\Android Studio\\meeto\\NewWoffice\\app\\build\\intermediates\\exploded-aar\\com.android.support\\design\\23.4.0\\res\\values-sw600dp-v13\\values-sw600dp-v13.xml",
                    "position": {
                        "startLine": 5,
                        "startColumn": 4,
                        "startOffset": 256,
                        "endColumn": 71,
                        "endOffset": 323
                    }
                }
            },
            {
                "to": {
                    "startLine": 13,
                    "startColumn": 4,
                    "startOffset": 815,
                    "endColumn": 57,
                    "endOffset": 868
                },
                "from": {
                    "file": "E:\\Android Studio\\meeto\\NewWoffice\\app\\build\\intermediates\\exploded-aar\\com.android.support\\design\\23.4.0\\res\\values-sw600dp-v13\\values-sw600dp-v13.xml",
                    "position": {
                        "startLine": 6,
                        "startColumn": 4,
                        "startOffset": 328,
                        "endColumn": 57,
                        "endOffset": 381
                    }
                }
            },
            {
                "to": {
                    "startLine": 14,
                    "startColumn": 4,
                    "startOffset": 873,
                    "endColumn": 57,
                    "endOffset": 926
                },
                "from": {
                    "file": "E:\\Android Studio\\meeto\\NewWoffice\\app\\build\\intermediates\\exploded-aar\\com.android.support\\design\\23.4.0\\res\\values-sw600dp-v13\\values-sw600dp-v13.xml",
                    "position": {
                        "startLine": 7,
                        "startColumn": 4,
                        "startOffset": 386,
                        "endColumn": 57,
                        "endOffset": 439
                    }
                }
            },
            {
                "to": {
                    "startLine": 15,
                    "startColumn": 4,
                    "startOffset": 931,
                    "endColumn": 105,
                    "endOffset": 1032
                },
                "from": {
                    "file": "E:\\Android Studio\\meeto\\NewWoffice\\app\\build\\intermediates\\exploded-aar\\com.android.support\\design\\23.4.0\\res\\values-sw600dp-v13\\values-sw600dp-v13.xml",
                    "position": {
                        "startLine": 8,
                        "startColumn": 4,
                        "startOffset": 444,
                        "endColumn": 105,
                        "endOffset": 545
                    }
                }
            },
            {
                "to": {
                    "startLine": 16,
                    "startColumn": 4,
                    "startOffset": 1037,
                    "endColumn": 63,
                    "endOffset": 1096
                },
                "from": {
                    "file": "E:\\Android Studio\\meeto\\NewWoffice\\app\\build\\intermediates\\exploded-aar\\com.android.support\\design\\23.4.0\\res\\values-sw600dp-v13\\values-sw600dp-v13.xml",
                    "position": {
                        "startLine": 9,
                        "startColumn": 4,
                        "startOffset": 550,
                        "endColumn": 63,
                        "endOffset": 609
                    }
                }
            },
            {
                "to": {
                    "startLine": 17,
                    "startColumn": 4,
                    "startOffset": 1101,
                    "endColumn": 51,
                    "endOffset": 1148
                },
                "from": {
                    "file": "E:\\Android Studio\\meeto\\NewWoffice\\app\\build\\intermediates\\exploded-aar\\com.wdullaer\\materialdatetimepicker\\2.3.0\\res\\values-sw600dp\\values-sw600dp.xml",
                    "position": {
                        "startLine": 4,
                        "startColumn": 4,
                        "startOffset": 217,
                        "endColumn": 51,
                        "endOffset": 264
                    }
                }
            },
            {
                "to": {
                    "startLine": 18,
                    "startColumn": 4,
                    "startOffset": 1153,
                    "endColumn": 53,
                    "endOffset": 1202
                },
                "from": {
                    "file": "E:\\Android Studio\\meeto\\NewWoffice\\app\\build\\intermediates\\exploded-aar\\com.wdullaer\\materialdatetimepicker\\2.3.0\\res\\values-sw600dp\\values-sw600dp.xml",
                    "position": {
                        "startLine": 5,
                        "startColumn": 4,
                        "startOffset": 269,
                        "endColumn": 53,
                        "endOffset": 318
                    }
                }
            },
            {
                "to": {
                    "startLine": 19,
                    "startColumn": 4,
                    "startOffset": 1207,
                    "endColumn": 64,
                    "endOffset": 1267
                },
                "from": {
                    "file": "E:\\Android Studio\\meeto\\NewWoffice\\app\\build\\intermediates\\exploded-aar\\com.wdullaer\\materialdatetimepicker\\2.3.0\\res\\values-sw600dp\\values-sw600dp.xml",
                    "position": {
                        "startLine": 6,
                        "startColumn": 4,
                        "startOffset": 323,
                        "endColumn": 64,
                        "endOffset": 383
                    }
                }
            },
            {
                "to": {
                    "startLine": 20,
                    "startColumn": 4,
                    "startOffset": 1272,
                    "endColumn": 61,
                    "endOffset": 1329
                },
                "from": {
                    "file": "E:\\Android Studio\\meeto\\NewWoffice\\app\\build\\intermediates\\exploded-aar\\com.wdullaer\\materialdatetimepicker\\2.3.0\\res\\values-sw600dp\\values-sw600dp.xml",
                    "position": {
                        "startLine": 7,
                        "startColumn": 4,
                        "startOffset": 388,
                        "endColumn": 61,
                        "endOffset": 445
                    }
                }
            },
            {
                "to": {
                    "startLine": 21,
                    "startColumn": 4,
                    "startOffset": 1334,
                    "endColumn": 64,
                    "endOffset": 1394
                },
                "from": {
                    "file": "E:\\Android Studio\\meeto\\NewWoffice\\app\\build\\intermediates\\exploded-aar\\com.wdullaer\\materialdatetimepicker\\2.3.0\\res\\values-sw600dp\\values-sw600dp.xml",
                    "position": {
                        "startLine": 8,
                        "startColumn": 4,
                        "startOffset": 450,
                        "endColumn": 64,
                        "endOffset": 510
                    }
                }
            },
            {
                "to": {
                    "startLine": 22,
                    "startColumn": 4,
                    "startOffset": 1399,
                    "endColumn": 69,
                    "endOffset": 1464
                },
                "from": {
                    "file": "E:\\Android Studio\\meeto\\NewWoffice\\app\\build\\intermediates\\exploded-aar\\com.wdullaer\\materialdatetimepicker\\2.3.0\\res\\values-sw600dp\\values-sw600dp.xml",
                    "position": {
                        "startLine": 9,
                        "startColumn": 4,
                        "startOffset": 515,
                        "endColumn": 69,
                        "endOffset": 580
                    }
                }
            },
            {
                "to": {
                    "startLine": 23,
                    "startColumn": 4,
                    "startOffset": 1469,
                    "endColumn": 67,
                    "endOffset": 1532
                },
                "from": {
                    "file": "E:\\Android Studio\\meeto\\NewWoffice\\app\\build\\intermediates\\exploded-aar\\com.wdullaer\\materialdatetimepicker\\2.3.0\\res\\values-sw600dp\\values-sw600dp.xml",
                    "position": {
                        "startLine": 10,
                        "startColumn": 4,
                        "startOffset": 585,
                        "endColumn": 67,
                        "endOffset": 648
                    }
                }
            },
            {
                "to": {
                    "startLine": 24,
                    "startColumn": 4,
                    "startOffset": 1537,
                    "endColumn": 51,
                    "endOffset": 1584
                },
                "from": {
                    "file": "E:\\Android Studio\\meeto\\NewWoffice\\app\\build\\intermediates\\exploded-aar\\com.wdullaer\\materialdatetimepicker\\2.3.0\\res\\values-sw600dp\\values-sw600dp.xml",
                    "position": {
                        "startLine": 11,
                        "startColumn": 4,
                        "startOffset": 653,
                        "endColumn": 51,
                        "endOffset": 700
                    }
                }
            },
            {
                "to": {
                    "startLine": 25,
                    "startColumn": 4,
                    "startOffset": 1589,
                    "endColumn": 60,
                    "endOffset": 1645
                },
                "from": {
                    "file": "E:\\Android Studio\\meeto\\NewWoffice\\app\\build\\intermediates\\exploded-aar\\com.wdullaer\\materialdatetimepicker\\2.3.0\\res\\values-sw600dp\\values-sw600dp.xml",
                    "position": {
                        "startLine": 12,
                        "startColumn": 4,
                        "startOffset": 705,
                        "endColumn": 60,
                        "endOffset": 761
                    }
                }
            },
            {
                "to": {
                    "startLine": 26,
                    "startColumn": 4,
                    "startOffset": 1650,
                    "endColumn": 50,
                    "endOffset": 1696
                },
                "from": {
                    "file": "E:\\Android Studio\\meeto\\NewWoffice\\app\\build\\intermediates\\exploded-aar\\com.wdullaer\\materialdatetimepicker\\2.3.0\\res\\values-sw600dp\\values-sw600dp.xml",
                    "position": {
                        "startLine": 13,
                        "startColumn": 4,
                        "startOffset": 766,
                        "endColumn": 50,
                        "endOffset": 812
                    }
                }
            },
            {
                "to": {
                    "startLine": 27,
                    "startColumn": 4,
                    "startOffset": 1701,
                    "endColumn": 51,
                    "endOffset": 1748
                },
                "from": {
                    "file": "E:\\Android Studio\\meeto\\NewWoffice\\app\\build\\intermediates\\exploded-aar\\com.wdullaer\\materialdatetimepicker\\2.3.0\\res\\values-sw600dp\\values-sw600dp.xml",
                    "position": {
                        "startLine": 14,
                        "startColumn": 4,
                        "startOffset": 817,
                        "endColumn": 51,
                        "endOffset": 864
                    }
                }
            },
            {
                "to": {
                    "startLine": 28,
                    "startColumn": 4,
                    "startOffset": 1753,
                    "endColumn": 57,
                    "endOffset": 1806
                },
                "from": {
                    "file": "E:\\Android Studio\\meeto\\NewWoffice\\app\\build\\intermediates\\exploded-aar\\com.wdullaer\\materialdatetimepicker\\2.3.0\\res\\values-sw600dp\\values-sw600dp.xml",
                    "position": {
                        "startLine": 15,
                        "startColumn": 4,
                        "startOffset": 869,
                        "endColumn": 57,
                        "endOffset": 922
                    }
                }
            },
            {
                "to": {
                    "startLine": 29,
                    "startColumn": 4,
                    "startOffset": 1811,
                    "endColumn": 62,
                    "endOffset": 1869
                },
                "from": {
                    "file": "E:\\Android Studio\\meeto\\NewWoffice\\app\\build\\intermediates\\exploded-aar\\com.wdullaer\\materialdatetimepicker\\2.3.0\\res\\values-sw600dp\\values-sw600dp.xml",
                    "position": {
                        "startLine": 16,
                        "startColumn": 4,
                        "startOffset": 927,
                        "endColumn": 62,
                        "endOffset": 985
                    }
                }
            },
            {
                "to": {
                    "startLine": 30,
                    "startColumn": 4,
                    "startOffset": 1874,
                    "endColumn": 61,
                    "endOffset": 1931
                },
                "from": {
                    "file": "E:\\Android Studio\\meeto\\NewWoffice\\app\\build\\intermediates\\exploded-aar\\com.wdullaer\\materialdatetimepicker\\2.3.0\\res\\values-sw600dp\\values-sw600dp.xml",
                    "position": {
                        "startLine": 17,
                        "startColumn": 4,
                        "startOffset": 990,
                        "endColumn": 61,
                        "endOffset": 1047
                    }
                }
            },
            {
                "to": {
                    "startLine": 31,
                    "startColumn": 4,
                    "startOffset": 1936,
                    "endColumn": 52,
                    "endOffset": 1984
                },
                "from": {
                    "file": "E:\\Android Studio\\meeto\\NewWoffice\\app\\build\\intermediates\\exploded-aar\\com.wdullaer\\materialdatetimepicker\\2.3.0\\res\\values-sw600dp\\values-sw600dp.xml",
                    "position": {
                        "startLine": 18,
                        "startColumn": 4,
                        "startOffset": 1052,
                        "endColumn": 52,
                        "endOffset": 1100
                    }
                }
            },
            {
                "to": {
                    "startLine": 32,
                    "startColumn": 4,
                    "startOffset": 1989,
                    "endColumn": 65,
                    "endOffset": 2050
                },
                "from": {
                    "file": "E:\\Android Studio\\meeto\\NewWoffice\\app\\build\\intermediates\\exploded-aar\\com.wdullaer\\materialdatetimepicker\\2.3.0\\res\\values-sw600dp\\values-sw600dp.xml",
                    "position": {
                        "startLine": 19,
                        "startColumn": 4,
                        "startOffset": 1105,
                        "endColumn": 65,
                        "endOffset": 1166
                    }
                }
            },
            {
                "to": {
                    "startLine": 33,
                    "startColumn": 4,
                    "startOffset": 2055,
                    "endColumn": 59,
                    "endOffset": 2110
                },
                "from": {
                    "file": "E:\\Android Studio\\meeto\\NewWoffice\\app\\build\\intermediates\\exploded-aar\\com.wdullaer\\materialdatetimepicker\\2.3.0\\res\\values-sw600dp\\values-sw600dp.xml",
                    "position": {
                        "startLine": 20,
                        "startColumn": 4,
                        "startOffset": 1171,
                        "endColumn": 59,
                        "endOffset": 1226
                    }
                }
            },
            {
                "to": {
                    "startLine": 34,
                    "startColumn": 4,
                    "startOffset": 2115,
                    "endColumn": 56,
                    "endOffset": 2167
                },
                "from": {
                    "file": "E:\\Android Studio\\meeto\\NewWoffice\\app\\build\\intermediates\\exploded-aar\\com.wdullaer\\materialdatetimepicker\\2.3.0\\res\\values-sw600dp\\values-sw600dp.xml",
                    "position": {
                        "startLine": 21,
                        "startColumn": 4,
                        "startOffset": 1231,
                        "endColumn": 56,
                        "endOffset": 1283
                    }
                }
            },
            {
                "to": {
                    "startLine": 35,
                    "startColumn": 4,
                    "startOffset": 2172,
                    "endColumn": 62,
                    "endOffset": 2230
                },
                "from": {
                    "file": "E:\\Android Studio\\meeto\\NewWoffice\\app\\build\\intermediates\\exploded-aar\\com.wdullaer\\materialdatetimepicker\\2.3.0\\res\\values-sw600dp\\values-sw600dp.xml",
                    "position": {
                        "startLine": 22,
                        "startColumn": 4,
                        "startOffset": 1288,
                        "endColumn": 62,
                        "endOffset": 1346
                    }
                }
            },
            {
                "to": {
                    "startLine": 36,
                    "startColumn": 4,
                    "startOffset": 2235,
                    "endColumn": 50,
                    "endOffset": 2281
                },
                "from": {
                    "file": "E:\\Android Studio\\meeto\\NewWoffice\\app\\build\\intermediates\\exploded-aar\\com.wdullaer\\materialdatetimepicker\\2.3.0\\res\\values-sw600dp\\values-sw600dp.xml",
                    "position": {
                        "startLine": 23,
                        "startColumn": 4,
                        "startOffset": 1351,
                        "endColumn": 50,
                        "endOffset": 1397
                    }
                }
            },
            {
                "to": {
                    "startLine": 37,
                    "startColumn": 4,
                    "startOffset": 2286,
                    "endColumn": 68,
                    "endOffset": 2350
                },
                "from": {
                    "file": "E:\\Android Studio\\meeto\\NewWoffice\\app\\build\\intermediates\\exploded-aar\\com.wdullaer\\materialdatetimepicker\\2.3.0\\res\\values-sw600dp\\values-sw600dp.xml",
                    "position": {
                        "startLine": 24,
                        "startColumn": 4,
                        "startOffset": 1402,
                        "endColumn": 68,
                        "endOffset": 1466
                    }
                }
            },
            {
                "to": {
                    "startLine": 38,
                    "startColumn": 4,
                    "startOffset": 2355,
                    "endColumn": 59,
                    "endOffset": 2410
                },
                "from": {
                    "file": "E:\\Android Studio\\meeto\\NewWoffice\\app\\build\\intermediates\\exploded-aar\\com.wdullaer\\materialdatetimepicker\\2.3.0\\res\\values-sw600dp\\values-sw600dp.xml",
                    "position": {
                        "startLine": 25,
                        "startColumn": 4,
                        "startOffset": 1471,
                        "endColumn": 59,
                        "endOffset": 1526
                    }
                }
            },
            {
                "to": {
                    "startLine": 39,
                    "startColumn": 4,
                    "startOffset": 2415,
                    "endColumn": 60,
                    "endOffset": 2471
                },
                "from": {
                    "file": "E:\\Android Studio\\meeto\\NewWoffice\\app\\build\\intermediates\\exploded-aar\\com.wdullaer\\materialdatetimepicker\\2.3.0\\res\\values-sw600dp\\values-sw600dp.xml",
                    "position": {
                        "startLine": 26,
                        "startColumn": 4,
                        "startOffset": 1531,
                        "endColumn": 60,
                        "endOffset": 1587
                    }
                }
            },
            {
                "to": {
                    "startLine": 40,
                    "startColumn": 4,
                    "startOffset": 2476,
                    "endColumn": 59,
                    "endOffset": 2531
                },
                "from": {
                    "file": "E:\\Android Studio\\meeto\\NewWoffice\\app\\build\\intermediates\\exploded-aar\\com.wdullaer\\materialdatetimepicker\\2.3.0\\res\\values-sw600dp\\values-sw600dp.xml",
                    "position": {
                        "startLine": 27,
                        "startColumn": 4,
                        "startOffset": 1592,
                        "endColumn": 59,
                        "endOffset": 1647
                    }
                }
            },
            {
                "to": {
                    "startLine": 41,
                    "startColumn": 4,
                    "startOffset": 2536,
                    "endColumn": 53,
                    "endOffset": 2585
                },
                "from": {
                    "file": "E:\\Android Studio\\meeto\\NewWoffice\\app\\build\\intermediates\\exploded-aar\\com.wdullaer\\materialdatetimepicker\\2.3.0\\res\\values-sw600dp\\values-sw600dp.xml",
                    "position": {
                        "startLine": 28,
                        "startColumn": 4,
                        "startOffset": 1652,
                        "endColumn": 53,
                        "endOffset": 1701
                    }
                }
            },
            {
                "to": {
                    "startLine": 42,
                    "startColumn": 4,
                    "startOffset": 2590,
                    "endColumn": 51,
                    "endOffset": 2637
                },
                "from": {
                    "file": "E:\\Android Studio\\meeto\\NewWoffice\\app\\build\\intermediates\\exploded-aar\\com.wdullaer\\materialdatetimepicker\\2.3.0\\res\\values-sw600dp\\values-sw600dp.xml",
                    "position": {
                        "startLine": 29,
                        "startColumn": 4,
                        "startOffset": 1706,
                        "endColumn": 51,
                        "endOffset": 1753
                    }
                }
            },
            {
                "to": {
                    "startLine": 43,
                    "startColumn": 4,
                    "startOffset": 2642,
                    "endColumn": 61,
                    "endOffset": 2699
                },
                "from": {
                    "file": "E:\\Android Studio\\meeto\\NewWoffice\\app\\build\\intermediates\\exploded-aar\\com.wdullaer\\materialdatetimepicker\\2.3.0\\res\\values-sw600dp\\values-sw600dp.xml",
                    "position": {
                        "startLine": 30,
                        "startColumn": 4,
                        "startOffset": 1758,
                        "endColumn": 61,
                        "endOffset": 1815
                    }
                }
            },
            {
                "to": {
                    "startLine": 44,
                    "startColumn": 4,
                    "startOffset": 2704,
                    "endColumn": 64,
                    "endOffset": 2764
                },
                "from": {
                    "file": "E:\\Android Studio\\meeto\\NewWoffice\\app\\build\\intermediates\\exploded-aar\\com.wdullaer\\materialdatetimepicker\\2.3.0\\res\\values-sw600dp\\values-sw600dp.xml",
                    "position": {
                        "startLine": 31,
                        "startColumn": 4,
                        "startOffset": 1820,
                        "endColumn": 64,
                        "endOffset": 1880
                    }
                }
            },
            {
                "to": {
                    "startLine": 45,
                    "startColumn": 4,
                    "startOffset": 2769,
                    "endColumn": 55,
                    "endOffset": 2820
                },
                "from": {
                    "file": "E:\\Android Studio\\meeto\\NewWoffice\\app\\build\\intermediates\\exploded-aar\\com.wdullaer\\materialdatetimepicker\\2.3.0\\res\\values-sw600dp\\values-sw600dp.xml",
                    "position": {
                        "startLine": 32,
                        "startColumn": 4,
                        "startOffset": 1885,
                        "endColumn": 55,
                        "endOffset": 1936
                    }
                }
            },
            {
                "to": {
                    "startLine": 46,
                    "startColumn": 4,
                    "startOffset": 2825,
                    "endColumn": 53,
                    "endOffset": 2874
                },
                "from": {
                    "file": "E:\\Android Studio\\meeto\\NewWoffice\\app\\build\\intermediates\\exploded-aar\\com.wdullaer\\materialdatetimepicker\\2.3.0\\res\\values-sw600dp\\values-sw600dp.xml",
                    "position": {
                        "startLine": 33,
                        "startColumn": 4,
                        "startOffset": 1941,
                        "endColumn": 53,
                        "endOffset": 1990
                    }
                }
            },
            {
                "to": {
                    "startLine": 47,
                    "startColumn": 4,
                    "startOffset": 2879,
                    "endColumn": 56,
                    "endOffset": 2931
                },
                "from": {
                    "file": "E:\\Android Studio\\meeto\\NewWoffice\\app\\build\\intermediates\\exploded-aar\\com.wdullaer\\materialdatetimepicker\\2.3.0\\res\\values-sw600dp\\values-sw600dp.xml",
                    "position": {
                        "startLine": 34,
                        "startColumn": 4,
                        "startOffset": 1995,
                        "endColumn": 56,
                        "endOffset": 2047
                    }
                }
            },
            {
                "to": {
                    "startLine": 48,
                    "startColumn": 4,
                    "startOffset": 2936,
                    "endColumn": 54,
                    "endOffset": 2986
                },
                "from": {
                    "file": "E:\\Android Studio\\meeto\\NewWoffice\\app\\build\\intermediates\\exploded-aar\\com.android.support\\appcompat-v7\\23.4.0\\res\\values-sw600dp-v13\\values-sw600dp-v13.xml",
                    "position": {
                        "startLine": 9,
                        "startColumn": 4,
                        "startOffset": 542,
                        "endColumn": 54,
                        "endOffset": 592
                    }
                }
            },
            {
                "to": {
                    "startLine": 49,
                    "startColumn": 4,
                    "startOffset": 2991,
                    "endColumn": 62,
                    "endOffset": 3049
                },
                "from": {
                    "file": "E:\\Android Studio\\meeto\\NewWoffice\\app\\build\\intermediates\\exploded-aar\\com.android.support\\design\\23.4.0\\res\\values-sw600dp-v13\\values-sw600dp-v13.xml",
                    "position": {
                        "startLine": 10,
                        "startColumn": 4,
                        "startOffset": 614,
                        "endColumn": 62,
                        "endOffset": 672
                    }
                }
            },
            {
                "to": {
                    "startLine": 50,
                    "startColumn": 4,
                    "startOffset": 3054,
                    "endLine": 53,
                    "endColumn": 12,
                    "endOffset": 3231
                },
                "from": {
                    "file": "E:\\Android Studio\\meeto\\NewWoffice\\app\\build\\intermediates\\exploded-aar\\com.android.support\\design\\23.4.0\\res\\values-sw600dp-v13\\values-sw600dp-v13.xml",
                    "position": {
                        "startLine": 11,
                        "startColumn": 4,
                        "startOffset": 677,
                        "endLine": 14,
                        "endColumn": 12,
                        "endOffset": 854
                    }
                }
            }
        ]
    }
]