[
    {
        "outputFile": "E:\\Android Studio\\meeto\\NewWoffice\\app\\build\\intermediates\\incremental\\mergeDebugResources\\merged.dir\\values-pt\\values-pt.xml",
        "map": [
            {
                "to": {
                    "startLine": 2,
                    "startColumn": 4,
                    "startOffset": 105,
                    "endColumn": 119,
                    "endOffset": 220
                },
                "from": {
                    "file": "E:\\Android Studio\\meeto\\NewWoffice\\app\\build\\intermediates\\exploded-aar\\com.android.support\\appcompat-v7\\23.4.0\\res\\values-pt\\values-pt.xml",
                    "position": {
                        "startLine": 2,
                        "startColumn": 4,
                        "startOffset": 55,
                        "endColumn": 119,
                        "endOffset": 170
                    }
                }
            },
            {
                "to": {
                    "startLine": 3,
                    "startColumn": 4,
                    "startOffset": 225,
                    "endColumn": 107,
                    "endOffset": 328
                },
                "from": {
                    "file": "E:\\Android Studio\\meeto\\NewWoffice\\app\\build\\intermediates\\exploded-aar\\com.android.support\\appcompat-v7\\23.4.0\\res\\values-pt\\values-pt.xml",
                    "position": {
                        "startLine": 3,
                        "startColumn": 4,
                        "startOffset": 175,
                        "endColumn": 107,
                        "endOffset": 278
                    }
                }
            },
            {
                "to": {
                    "startLine": 4,
                    "startColumn": 4,
                    "startOffset": 333,
                    "endColumn": 122,
                    "endOffset": 451
                },
                "from": {
                    "file": "E:\\Android Studio\\meeto\\NewWoffice\\app\\build\\intermediates\\exploded-aar\\com.android.support\\appcompat-v7\\23.4.0\\res\\values-pt\\values-pt.xml",
                    "position": {
                        "startLine": 4,
                        "startColumn": 4,
                        "startOffset": 283,
                        "endColumn": 122,
                        "endOffset": 401
                    }
                }
            },
            {
                "to": {
                    "startLine": 5,
                    "startColumn": 4,
                    "startOffset": 456,
                    "endColumn": 105,
                    "endOffset": 557
                },
                "from": {
                    "file": "E:\\Android Studio\\meeto\\NewWoffice\\app\\build\\intermediates\\exploded-aar\\com.android.support\\appcompat-v7\\23.4.0\\res\\values-pt\\values-pt.xml",
                    "position": {
                        "startLine": 5,
                        "startColumn": 4,
                        "startOffset": 406,
                        "endColumn": 105,
                        "endOffset": 507
                    }
                }
            },
            {
                "to": {
                    "startLine": 6,
                    "startColumn": 4,
                    "startOffset": 562,
                    "endColumn": 106,
                    "endOffset": 664
                },
                "from": {
                    "file": "E:\\Android Studio\\meeto\\NewWoffice\\app\\build\\intermediates\\exploded-aar\\com.android.support\\appcompat-v7\\23.4.0\\res\\values-pt\\values-pt.xml",
                    "position": {
                        "startLine": 6,
                        "startColumn": 4,
                        "startOffset": 512,
                        "endColumn": 106,
                        "endOffset": 614
                    }
                }
            },
            {
                "to": {
                    "startLine": 7,
                    "startColumn": 4,
                    "startOffset": 669,
                    "endColumn": 88,
                    "endOffset": 753
                },
                "from": {
                    "file": "E:\\Android Studio\\meeto\\NewWoffice\\app\\build\\intermediates\\exploded-aar\\com.android.support\\appcompat-v7\\23.4.0\\res\\values-pt\\values-pt.xml",
                    "position": {
                        "startLine": 7,
                        "startColumn": 4,
                        "startOffset": 619,
                        "endColumn": 88,
                        "endOffset": 703
                    }
                }
            },
            {
                "to": {
                    "startLine": 8,
                    "startColumn": 4,
                    "startOffset": 758,
                    "endColumn": 100,
                    "endOffset": 854
                },
                "from": {
                    "file": "E:\\Android Studio\\meeto\\NewWoffice\\app\\build\\intermediates\\exploded-aar\\com.android.support\\appcompat-v7\\23.4.0\\res\\values-pt\\values-pt.xml",
                    "position": {
                        "startLine": 8,
                        "startColumn": 4,
                        "startOffset": 708,
                        "endColumn": 100,
                        "endOffset": 804
                    }
                }
            },
            {
                "to": {
                    "startLine": 9,
                    "startColumn": 4,
                    "startOffset": 859,
                    "endColumn": 117,
                    "endOffset": 972
                },
                "from": {
                    "file": "E:\\Android Studio\\meeto\\NewWoffice\\app\\build\\intermediates\\exploded-aar\\com.android.support\\appcompat-v7\\23.4.0\\res\\values-pt\\values-pt.xml",
                    "position": {
                        "startLine": 9,
                        "startColumn": 4,
                        "startOffset": 809,
                        "endColumn": 117,
                        "endOffset": 922
                    }
                }
            },
            {
                "to": {
                    "startLine": 10,
                    "startColumn": 4,
                    "startOffset": 977,
                    "endColumn": 82,
                    "endOffset": 1055
                },
                "from": {
                    "file": "E:\\Android Studio\\meeto\\NewWoffice\\app\\build\\intermediates\\exploded-aar\\com.android.support\\appcompat-v7\\23.4.0\\res\\values-pt\\values-pt.xml",
                    "position": {
                        "startLine": 10,
                        "startColumn": 4,
                        "startOffset": 927,
                        "endColumn": 82,
                        "endOffset": 1005
                    }
                }
            },
            {
                "to": {
                    "startLine": 11,
                    "startColumn": 4,
                    "startOffset": 1060,
                    "endColumn": 79,
                    "endOffset": 1135
                },
                "from": {
                    "file": "E:\\Android Studio\\meeto\\NewWoffice\\app\\build\\intermediates\\exploded-aar\\com.android.support\\appcompat-v7\\23.4.0\\res\\values-pt\\values-pt.xml",
                    "position": {
                        "startLine": 11,
                        "startColumn": 4,
                        "startOffset": 1010,
                        "endColumn": 79,
                        "endOffset": 1085
                    }
                }
            },
            {
                "to": {
                    "startLine": 12,
                    "startColumn": 4,
                    "startOffset": 1140,
                    "endColumn": 86,
                    "endOffset": 1222
                },
                "from": {
                    "file": "E:\\Android Studio\\meeto\\NewWoffice\\app\\build\\intermediates\\exploded-aar\\com.android.support\\appcompat-v7\\23.4.0\\res\\values-pt\\values-pt.xml",
                    "position": {
                        "startLine": 12,
                        "startColumn": 4,
                        "startOffset": 1090,
                        "endColumn": 86,
                        "endOffset": 1172
                    }
                }
            },
            {
                "to": {
                    "startLine": 13,
                    "startColumn": 4,
                    "startOffset": 1227,
                    "endColumn": 106,
                    "endOffset": 1329
                },
                "from": {
                    "file": "E:\\Android Studio\\meeto\\NewWoffice\\app\\build\\intermediates\\exploded-aar\\com.android.support\\appcompat-v7\\23.4.0\\res\\values-pt\\values-pt.xml",
                    "position": {
                        "startLine": 13,
                        "startColumn": 4,
                        "startOffset": 1177,
                        "endColumn": 106,
                        "endOffset": 1279
                    }
                }
            },
            {
                "to": {
                    "startLine": 14,
                    "startColumn": 4,
                    "startOffset": 1334,
                    "endColumn": 111,
                    "endOffset": 1441
                },
                "from": {
                    "file": "E:\\Android Studio\\meeto\\NewWoffice\\app\\build\\intermediates\\exploded-aar\\com.android.support\\appcompat-v7\\23.4.0\\res\\values-pt\\values-pt.xml",
                    "position": {
                        "startLine": 14,
                        "startColumn": 4,
                        "startOffset": 1284,
                        "endColumn": 111,
                        "endOffset": 1391
                    }
                }
            },
            {
                "to": {
                    "startLine": 15,
                    "startColumn": 4,
                    "startOffset": 1446,
                    "endColumn": 101,
                    "endOffset": 1543
                },
                "from": {
                    "file": "E:\\Android Studio\\meeto\\NewWoffice\\app\\build\\intermediates\\exploded-aar\\com.android.support\\appcompat-v7\\23.4.0\\res\\values-pt\\values-pt.xml",
                    "position": {
                        "startLine": 15,
                        "startColumn": 4,
                        "startOffset": 1396,
                        "endColumn": 101,
                        "endOffset": 1493
                    }
                }
            },
            {
                "to": {
                    "startLine": 16,
                    "startColumn": 4,
                    "startOffset": 1548,
                    "endColumn": 107,
                    "endOffset": 1651
                },
                "from": {
                    "file": "E:\\Android Studio\\meeto\\NewWoffice\\app\\build\\intermediates\\exploded-aar\\com.android.support\\appcompat-v7\\23.4.0\\res\\values-pt\\values-pt.xml",
                    "position": {
                        "startLine": 16,
                        "startColumn": 4,
                        "startOffset": 1498,
                        "endColumn": 107,
                        "endOffset": 1601
                    }
                }
            },
            {
                "to": {
                    "startLine": 17,
                    "startColumn": 4,
                    "startOffset": 1656,
                    "endColumn": 106,
                    "endOffset": 1758
                },
                "from": {
                    "file": "E:\\Android Studio\\meeto\\NewWoffice\\app\\build\\intermediates\\exploded-aar\\com.android.support\\appcompat-v7\\23.4.0\\res\\values-pt\\values-pt.xml",
                    "position": {
                        "startLine": 17,
                        "startColumn": 4,
                        "startOffset": 1606,
                        "endColumn": 106,
                        "endOffset": 1708
                    }
                }
            },
            {
                "to": {
                    "startLine": 18,
                    "startColumn": 4,
                    "startOffset": 1763,
                    "endColumn": 109,
                    "endOffset": 1868
                },
                "from": {
                    "file": "E:\\Android Studio\\meeto\\NewWoffice\\app\\build\\intermediates\\exploded-aar\\com.android.support\\appcompat-v7\\23.4.0\\res\\values-pt\\values-pt.xml",
                    "position": {
                        "startLine": 18,
                        "startColumn": 4,
                        "startOffset": 1713,
                        "endColumn": 109,
                        "endOffset": 1818
                    }
                }
            },
            {
                "to": {
                    "startLine": 19,
                    "startColumn": 4,
                    "startOffset": 1873,
                    "endColumn": 124,
                    "endOffset": 1993
                },
                "from": {
                    "file": "E:\\Android Studio\\meeto\\NewWoffice\\app\\build\\intermediates\\exploded-aar\\com.android.support\\appcompat-v7\\23.4.0\\res\\values-pt\\values-pt.xml",
                    "position": {
                        "startLine": 19,
                        "startColumn": 4,
                        "startOffset": 1823,
                        "endColumn": 124,
                        "endOffset": 1943
                    }
                }
            },
            {
                "to": {
                    "startLine": 20,
                    "startColumn": 4,
                    "startOffset": 1998,
                    "endColumn": 99,
                    "endOffset": 2093
                },
                "from": {
                    "file": "E:\\Android Studio\\meeto\\NewWoffice\\app\\build\\intermediates\\exploded-aar\\com.android.support\\appcompat-v7\\23.4.0\\res\\values-pt\\values-pt.xml",
                    "position": {
                        "startLine": 20,
                        "startColumn": 4,
                        "startOffset": 1948,
                        "endColumn": 99,
                        "endOffset": 2043
                    }
                }
            },
            {
                "to": {
                    "startLine": 21,
                    "startColumn": 4,
                    "startOffset": 2098,
                    "endColumn": 189,
                    "endOffset": 2283
                },
                "from": {
                    "file": "E:\\Android Studio\\meeto\\NewWoffice\\app\\build\\intermediates\\exploded-aar\\com.google.android.gms\\play-services-basement\\8.3.0\\res\\values-pt\\common_strings.xml",
                    "position": {
                        "startLine": 5,
                        "startColumn": 4,
                        "startOffset": 476,
                        "endColumn": 193,
                        "endOffset": 665
                    }
                }
            },
            {
                "to": {
                    "startLine": 22,
                    "startColumn": 4,
                    "startOffset": 2288,
                    "endColumn": 180,
                    "endOffset": 2464
                },
                "from": {
                    "file": "E:\\Android Studio\\meeto\\NewWoffice\\app\\build\\intermediates\\exploded-aar\\com.google.android.gms\\play-services-basement\\8.3.0\\res\\values-pt\\common_strings.xml",
                    "position": {
                        "startLine": 18,
                        "startColumn": 4,
                        "startOffset": 2605,
                        "endColumn": 184,
                        "endOffset": 2785
                    }
                }
            },
            {
                "to": {
                    "startLine": 23,
                    "startColumn": 4,
                    "startOffset": 2469,
                    "endColumn": 115,
                    "endOffset": 2580
                },
                "from": {
                    "file": "E:\\Android Studio\\meeto\\NewWoffice\\app\\build\\intermediates\\exploded-aar\\com.google.android.gms\\play-services-basement\\8.3.0\\res\\values-pt\\common_strings.xml",
                    "position": {
                        "startLine": 16,
                        "startColumn": 4,
                        "startOffset": 2290,
                        "endColumn": 115,
                        "endOffset": 2401
                    }
                }
            },
            {
                "to": {
                    "startLine": 24,
                    "startColumn": 4,
                    "startOffset": 2585,
                    "endColumn": 279,
                    "endOffset": 2860
                },
                "from": {
                    "file": "E:\\Android Studio\\meeto\\NewWoffice\\app\\build\\intermediates\\exploded-aar\\com.google.android.gms\\play-services-basement\\8.3.0\\res\\values-pt\\common_strings.xml",
                    "position": {
                        "startLine": 30,
                        "startColumn": 4,
                        "startOffset": 4497,
                        "endColumn": 283,
                        "endOffset": 4776
                    }
                }
            },
            {
                "to": {
                    "startLine": 25,
                    "startColumn": 4,
                    "startOffset": 2865,
                    "endColumn": 129,
                    "endOffset": 2990
                },
                "from": {
                    "file": "E:\\Android Studio\\meeto\\NewWoffice\\app\\build\\intermediates\\exploded-aar\\com.google.android.gms\\play-services-basement\\8.3.0\\res\\values-pt\\common_strings.xml",
                    "position": {
                        "startLine": 14,
                        "startColumn": 4,
                        "startOffset": 2029,
                        "endColumn": 129,
                        "endOffset": 2154
                    }
                }
            },
            {
                "to": {
                    "startLine": 26,
                    "startColumn": 4,
                    "startOffset": 2995,
                    "endColumn": 179,
                    "endOffset": 3170
                },
                "from": {
                    "file": "E:\\Android Studio\\meeto\\NewWoffice\\app\\build\\intermediates\\exploded-aar\\com.google.android.gms\\play-services-basement\\8.3.0\\res\\values-pt\\common_strings.xml",
                    "position": {
                        "startLine": 13,
                        "startColumn": 4,
                        "startOffset": 1845,
                        "endColumn": 183,
                        "endOffset": 2024
                    }
                }
            },
            {
                "to": {
                    "startLine": 27,
                    "startColumn": 4,
                    "startOffset": 3175,
                    "endColumn": 126,
                    "endOffset": 3297
                },
                "from": {
                    "file": "E:\\Android Studio\\meeto\\NewWoffice\\app\\build\\intermediates\\exploded-aar\\com.google.android.gms\\play-services-basement\\8.3.0\\res\\values-pt\\common_strings.xml",
                    "position": {
                        "startLine": 12,
                        "startColumn": 4,
                        "startOffset": 1718,
                        "endColumn": 126,
                        "endOffset": 1840
                    }
                }
            },
            {
                "to": {
                    "startLine": 28,
                    "startColumn": 4,
                    "startOffset": 3302,
                    "endColumn": 170,
                    "endOffset": 3468
                },
                "from": {
                    "file": "E:\\Android Studio\\meeto\\NewWoffice\\app\\build\\intermediates\\exploded-aar\\com.google.android.gms\\play-services-basement\\8.3.0\\res\\values-pt\\common_strings.xml",
                    "position": {
                        "startLine": 7,
                        "startColumn": 4,
                        "startOffset": 827,
                        "endColumn": 174,
                        "endOffset": 997
                    }
                }
            },
            {
                "to": {
                    "startLine": 29,
                    "startColumn": 4,
                    "startOffset": 3473,
                    "endColumn": 132,
                    "endOffset": 3601
                },
                "from": {
                    "file": "E:\\Android Studio\\meeto\\NewWoffice\\app\\build\\intermediates\\exploded-aar\\com.google.android.gms\\play-services-basement\\8.3.0\\res\\values-pt\\common_strings.xml",
                    "position": {
                        "startLine": 11,
                        "startColumn": 4,
                        "startOffset": 1585,
                        "endColumn": 132,
                        "endOffset": 1713
                    }
                }
            },
            {
                "to": {
                    "startLine": 30,
                    "startColumn": 4,
                    "startOffset": 3606,
                    "endColumn": 224,
                    "endOffset": 3826
                },
                "from": {
                    "file": "E:\\Android Studio\\meeto\\NewWoffice\\app\\build\\intermediates\\exploded-aar\\com.google.android.gms\\play-services-basement\\8.3.0\\res\\values-pt\\common_strings.xml",
                    "position": {
                        "startLine": 9,
                        "startColumn": 4,
                        "startOffset": 1131,
                        "endColumn": 228,
                        "endOffset": 1355
                    }
                }
            },
            {
                "to": {
                    "startLine": 31,
                    "startColumn": 4,
                    "startOffset": 3831,
                    "endColumn": 220,
                    "endOffset": 4047
                },
                "from": {
                    "file": "E:\\Android Studio\\meeto\\NewWoffice\\app\\build\\intermediates\\exploded-aar\\com.google.android.gms\\play-services-basement\\8.3.0\\res\\values-pt\\common_strings.xml",
                    "position": {
                        "startLine": 10,
                        "startColumn": 4,
                        "startOffset": 1360,
                        "endColumn": 224,
                        "endOffset": 1580
                    }
                }
            },
            {
                "to": {
                    "startLine": 32,
                    "startColumn": 4,
                    "startOffset": 4052,
                    "endColumn": 128,
                    "endOffset": 4176
                },
                "from": {
                    "file": "E:\\Android Studio\\meeto\\NewWoffice\\app\\build\\intermediates\\exploded-aar\\com.google.android.gms\\play-services-basement\\8.3.0\\res\\values-pt\\common_strings.xml",
                    "position": {
                        "startLine": 8,
                        "startColumn": 4,
                        "startOffset": 1002,
                        "endColumn": 128,
                        "endOffset": 1126
                    }
                }
            },
            {
                "to": {
                    "startLine": 33,
                    "startColumn": 4,
                    "startOffset": 4181,
                    "endColumn": 175,
                    "endOffset": 4352
                },
                "from": {
                    "file": "E:\\Android Studio\\meeto\\NewWoffice\\app\\build\\intermediates\\exploded-aar\\com.google.android.gms\\play-services-basement\\8.3.0\\res\\values-pt\\common_strings.xml",
                    "position": {
                        "startLine": 24,
                        "startColumn": 4,
                        "startOffset": 3566,
                        "endColumn": 175,
                        "endOffset": 3737
                    }
                }
            },
            {
                "to": {
                    "startLine": 34,
                    "startColumn": 4,
                    "startOffset": 4357,
                    "endColumn": 122,
                    "endOffset": 4475
                },
                "from": {
                    "file": "E:\\Android Studio\\meeto\\NewWoffice\\app\\build\\intermediates\\exploded-aar\\com.google.android.gms\\play-services-basement\\8.3.0\\res\\values-pt\\common_strings.xml",
                    "position": {
                        "startLine": 23,
                        "startColumn": 4,
                        "startOffset": 3443,
                        "endColumn": 122,
                        "endOffset": 3561
                    }
                }
            },
            {
                "to": {
                    "startLine": 35,
                    "startColumn": 4,
                    "startOffset": 4480,
                    "endColumn": 156,
                    "endOffset": 4632
                },
                "from": {
                    "file": "E:\\Android Studio\\meeto\\NewWoffice\\app\\build\\intermediates\\exploded-aar\\com.google.android.gms\\play-services-basement\\8.3.0\\res\\values-pt\\common_strings.xml",
                    "position": {
                        "startLine": 6,
                        "startColumn": 4,
                        "startOffset": 670,
                        "endColumn": 156,
                        "endOffset": 822
                    }
                }
            },
            {
                "to": {
                    "startLine": 36,
                    "startColumn": 4,
                    "startOffset": 4637,
                    "endColumn": 177,
                    "endOffset": 4810
                },
                "from": {
                    "file": "E:\\Android Studio\\meeto\\NewWoffice\\app\\build\\intermediates\\exploded-aar\\com.google.android.gms\\play-services-basement\\8.3.0\\res\\values-pt\\common_strings.xml",
                    "position": {
                        "startLine": 22,
                        "startColumn": 4,
                        "startOffset": 3265,
                        "endColumn": 177,
                        "endOffset": 3438
                    }
                }
            },
            {
                "to": {
                    "startLine": 37,
                    "startColumn": 4,
                    "startOffset": 4815,
                    "endColumn": 118,
                    "endOffset": 4929
                },
                "from": {
                    "file": "E:\\Android Studio\\meeto\\NewWoffice\\app\\build\\intermediates\\exploded-aar\\com.google.android.gms\\play-services-basement\\8.3.0\\res\\values-pt\\common_strings.xml",
                    "position": {
                        "startLine": 21,
                        "startColumn": 4,
                        "startOffset": 3146,
                        "endColumn": 118,
                        "endOffset": 3260
                    }
                }
            },
            {
                "to": {
                    "startLine": 38,
                    "startColumn": 4,
                    "startOffset": 4934,
                    "endColumn": 170,
                    "endOffset": 5100
                },
                "from": {
                    "file": "E:\\Android Studio\\meeto\\NewWoffice\\app\\build\\intermediates\\exploded-aar\\com.google.android.gms\\play-services-basement\\8.3.0\\res\\values-pt\\common_strings.xml",
                    "position": {
                        "startLine": 4,
                        "startColumn": 4,
                        "startOffset": 305,
                        "endColumn": 170,
                        "endOffset": 471
                    }
                }
            },
            {
                "to": {
                    "startLine": 39,
                    "startColumn": 4,
                    "startOffset": 5105,
                    "endColumn": 134,
                    "endOffset": 5235
                },
                "from": {
                    "file": "E:\\Android Studio\\meeto\\NewWoffice\\app\\build\\intermediates\\exploded-aar\\com.google.android.gms\\play-services-basement\\8.3.0\\res\\values-pt\\common_strings.xml",
                    "position": {
                        "startLine": 3,
                        "startColumn": 4,
                        "startOffset": 170,
                        "endColumn": 134,
                        "endOffset": 300
                    }
                }
            },
            {
                "to": {
                    "startLine": 40,
                    "startColumn": 4,
                    "startOffset": 5240,
                    "endColumn": 169,
                    "endOffset": 5405
                },
                "from": {
                    "file": "E:\\Android Studio\\meeto\\NewWoffice\\app\\build\\intermediates\\exploded-aar\\com.google.android.gms\\play-services-basement\\8.3.0\\res\\values-pt\\common_strings.xml",
                    "position": {
                        "startLine": 32,
                        "startColumn": 4,
                        "startOffset": 4903,
                        "endColumn": 169,
                        "endOffset": 5068
                    }
                }
            },
            {
                "to": {
                    "startLine": 41,
                    "startColumn": 4,
                    "startOffset": 5410,
                    "endColumn": 121,
                    "endOffset": 5527
                },
                "from": {
                    "file": "E:\\Android Studio\\meeto\\NewWoffice\\app\\build\\intermediates\\exploded-aar\\com.google.android.gms\\play-services-basement\\8.3.0\\res\\values-pt\\common_strings.xml",
                    "position": {
                        "startLine": 31,
                        "startColumn": 4,
                        "startOffset": 4781,
                        "endColumn": 121,
                        "endOffset": 4898
                    }
                }
            },
            {
                "to": {
                    "startLine": 42,
                    "startColumn": 4,
                    "startOffset": 5532,
                    "endColumn": 149,
                    "endOffset": 5677
                },
                "from": {
                    "file": "E:\\Android Studio\\meeto\\NewWoffice\\app\\build\\intermediates\\exploded-aar\\com.google.android.gms\\play-services-basement\\8.3.0\\res\\values-pt\\common_strings.xml",
                    "position": {
                        "startLine": 25,
                        "startColumn": 4,
                        "startOffset": 3742,
                        "endColumn": 149,
                        "endOffset": 3887
                    }
                }
            },
            {
                "to": {
                    "startLine": 43,
                    "startColumn": 4,
                    "startOffset": 5682,
                    "endColumn": 274,
                    "endOffset": 5952
                },
                "from": {
                    "file": "E:\\Android Studio\\meeto\\NewWoffice\\app\\build\\intermediates\\exploded-aar\\com.google.android.gms\\play-services-basement\\8.3.0\\res\\values-pt\\common_strings.xml",
                    "position": {
                        "startLine": 27,
                        "startColumn": 4,
                        "startOffset": 4010,
                        "endColumn": 278,
                        "endOffset": 4284
                    }
                }
            },
            {
                "to": {
                    "startLine": 44,
                    "startColumn": 4,
                    "startOffset": 5957,
                    "endColumn": 117,
                    "endOffset": 6070
                },
                "from": {
                    "file": "E:\\Android Studio\\meeto\\NewWoffice\\app\\build\\intermediates\\exploded-aar\\com.google.android.gms\\play-services-basement\\8.3.0\\res\\values-pt\\common_strings.xml",
                    "position": {
                        "startLine": 26,
                        "startColumn": 4,
                        "startOffset": 3892,
                        "endColumn": 117,
                        "endOffset": 4005
                    }
                }
            },
            {
                "to": {
                    "startLine": 45,
                    "startColumn": 4,
                    "startOffset": 6075,
                    "endColumn": 109,
                    "endOffset": 6180
                },
                "from": {
                    "file": "E:\\Android Studio\\meeto\\NewWoffice\\app\\build\\intermediates\\exploded-aar\\com.google.android.gms\\play-services-basement\\8.3.0\\res\\values-pt\\common_strings.xml",
                    "position": {
                        "startLine": 28,
                        "startColumn": 4,
                        "startOffset": 4289,
                        "endColumn": 109,
                        "endOffset": 4394
                    }
                }
            },
            {
                "to": {
                    "startLine": 46,
                    "startColumn": 4,
                    "startOffset": 6185,
                    "endColumn": 194,
                    "endOffset": 6375
                },
                "from": {
                    "file": "E:\\Android Studio\\meeto\\NewWoffice\\app\\build\\intermediates\\exploded-aar\\com.google.android.gms\\play-services-basement\\8.3.0\\res\\values-pt\\common_strings.xml",
                    "position": {
                        "startLine": 17,
                        "startColumn": 4,
                        "startOffset": 2406,
                        "endColumn": 198,
                        "endOffset": 2600
                    }
                }
            },
            {
                "to": {
                    "startLine": 47,
                    "startColumn": 4,
                    "startOffset": 6380,
                    "endColumn": 130,
                    "endOffset": 6506
                },
                "from": {
                    "file": "E:\\Android Studio\\meeto\\NewWoffice\\app\\build\\intermediates\\exploded-aar\\com.google.android.gms\\play-services-basement\\8.3.0\\res\\values-pt\\common_strings.xml",
                    "position": {
                        "startLine": 15,
                        "startColumn": 4,
                        "startOffset": 2159,
                        "endColumn": 130,
                        "endOffset": 2285
                    }
                }
            },
            {
                "to": {
                    "startLine": 48,
                    "startColumn": 4,
                    "startOffset": 6511,
                    "endColumn": 215,
                    "endOffset": 6722
                },
                "from": {
                    "file": "E:\\Android Studio\\meeto\\NewWoffice\\app\\build\\intermediates\\exploded-aar\\com.google.android.gms\\play-services-basement\\8.3.0\\res\\values-pt\\common_strings.xml",
                    "position": {
                        "startLine": 20,
                        "startColumn": 4,
                        "startOffset": 2926,
                        "endColumn": 219,
                        "endOffset": 3141
                    }
                }
            },
            {
                "to": {
                    "startLine": 49,
                    "startColumn": 4,
                    "startOffset": 6727,
                    "endColumn": 135,
                    "endOffset": 6858
                },
                "from": {
                    "file": "E:\\Android Studio\\meeto\\NewWoffice\\app\\build\\intermediates\\exploded-aar\\com.google.android.gms\\play-services-basement\\8.3.0\\res\\values-pt\\common_strings.xml",
                    "position": {
                        "startLine": 19,
                        "startColumn": 4,
                        "startOffset": 2790,
                        "endColumn": 135,
                        "endOffset": 2921
                    }
                }
            },
            {
                "to": {
                    "startLine": 50,
                    "startColumn": 4,
                    "startOffset": 6863,
                    "endColumn": 97,
                    "endOffset": 6956
                },
                "from": {
                    "file": "E:\\Android Studio\\meeto\\NewWoffice\\app\\build\\intermediates\\exploded-aar\\com.google.android.gms\\play-services-basement\\8.3.0\\res\\values-pt\\common_strings.xml",
                    "position": {
                        "startLine": 29,
                        "startColumn": 4,
                        "startOffset": 4399,
                        "endColumn": 97,
                        "endOffset": 4492
                    }
                }
            },
            {
                "to": {
                    "startLine": 51,
                    "startColumn": 4,
                    "startOffset": 6961,
                    "endColumn": 95,
                    "endOffset": 7052
                },
                "from": {
                    "file": "E:\\Android Studio\\meeto\\NewWoffice\\app\\build\\intermediates\\exploded-aar\\com.google.android.gms\\play-services-base\\8.3.0\\res\\values-pt\\base_strings.xml",
                    "position": {
                        "startLine": 3,
                        "startColumn": 4,
                        "startOffset": 170,
                        "endColumn": 95,
                        "endOffset": 261
                    }
                }
            },
            {
                "to": {
                    "startLine": 52,
                    "startColumn": 4,
                    "startOffset": 7057,
                    "endColumn": 113,
                    "endOffset": 7166
                },
                "from": {
                    "file": "E:\\Android Studio\\meeto\\NewWoffice\\app\\build\\intermediates\\exploded-aar\\com.google.android.gms\\play-services-base\\8.3.0\\res\\values-pt\\base_strings.xml",
                    "position": {
                        "startLine": 4,
                        "startColumn": 4,
                        "startOffset": 266,
                        "endColumn": 113,
                        "endOffset": 375
                    }
                }
            },
            {
                "to": {
                    "startLine": 53,
                    "startColumn": 4,
                    "startOffset": 7171,
                    "endColumn": 67,
                    "endOffset": 7234
                },
                "from": {
                    "file": "E:\\Android Studio\\meeto\\NewWoffice\\app\\build\\intermediates\\exploded-aar\\com.wdullaer\\materialdatetimepicker\\2.3.0\\res\\values-pt\\values-pt.xml",
                    "position": {
                        "startLine": 4,
                        "startColumn": 4,
                        "startOffset": 263,
                        "endColumn": 67,
                        "endOffset": 326
                    }
                }
            },
            {
                "to": {
                    "startLine": 54,
                    "startColumn": 4,
                    "startOffset": 7239,
                    "endColumn": 106,
                    "endOffset": 7341
                },
                "from": {
                    "file": "E:\\Android Studio\\meeto\\NewWoffice\\app\\build\\intermediates\\exploded-aar\\com.wdullaer\\materialdatetimepicker\\2.3.0\\res\\values-pt\\values-pt.xml",
                    "position": {
                        "startLine": 5,
                        "startColumn": 4,
                        "startOffset": 331,
                        "endColumn": 106,
                        "endOffset": 433
                    }
                }
            },
            {
                "to": {
                    "startLine": 55,
                    "startColumn": 4,
                    "startOffset": 7346,
                    "endColumn": 112,
                    "endOffset": 7454
                },
                "from": {
                    "file": "E:\\Android Studio\\meeto\\NewWoffice\\app\\build\\intermediates\\exploded-aar\\com.wdullaer\\materialdatetimepicker\\2.3.0\\res\\values-pt\\values-pt.xml",
                    "position": {
                        "startLine": 6,
                        "startColumn": 4,
                        "startOffset": 438,
                        "endColumn": 112,
                        "endOffset": 546
                    }
                }
            },
            {
                "to": {
                    "startLine": 56,
                    "startColumn": 4,
                    "startOffset": 7459,
                    "endColumn": 83,
                    "endOffset": 7538
                },
                "from": {
                    "file": "E:\\Android Studio\\meeto\\NewWoffice\\app\\build\\intermediates\\exploded-aar\\com.wdullaer\\materialdatetimepicker\\2.3.0\\res\\values-pt\\values-pt.xml",
                    "position": {
                        "startLine": 7,
                        "startColumn": 4,
                        "startOffset": 551,
                        "endColumn": 83,
                        "endOffset": 630
                    }
                }
            },
            {
                "to": {
                    "startLine": 57,
                    "startColumn": 4,
                    "startOffset": 7543,
                    "endColumn": 125,
                    "endOffset": 7664
                },
                "from": {
                    "file": "E:\\Android Studio\\meeto\\NewWoffice\\app\\build\\intermediates\\exploded-aar\\com.wdullaer\\materialdatetimepicker\\2.3.0\\res\\values-pt\\values-pt.xml",
                    "position": {
                        "startLine": 8,
                        "startColumn": 4,
                        "startOffset": 635,
                        "endColumn": 125,
                        "endOffset": 756
                    }
                }
            },
            {
                "to": {
                    "startLine": 58,
                    "startColumn": 4,
                    "startOffset": 7669,
                    "endColumn": 121,
                    "endOffset": 7786
                },
                "from": {
                    "file": "E:\\Android Studio\\meeto\\NewWoffice\\app\\build\\intermediates\\exploded-aar\\com.wdullaer\\materialdatetimepicker\\2.3.0\\res\\values-pt\\values-pt.xml",
                    "position": {
                        "startLine": 9,
                        "startColumn": 4,
                        "startOffset": 761,
                        "endColumn": 121,
                        "endOffset": 878
                    }
                }
            },
            {
                "to": {
                    "startLine": 59,
                    "startColumn": 4,
                    "startOffset": 7791,
                    "endColumn": 129,
                    "endOffset": 7916
                },
                "from": {
                    "file": "E:\\Android Studio\\meeto\\NewWoffice\\app\\build\\intermediates\\exploded-aar\\com.wdullaer\\materialdatetimepicker\\2.3.0\\res\\values-pt\\values-pt.xml",
                    "position": {
                        "startLine": 10,
                        "startColumn": 4,
                        "startOffset": 883,
                        "endColumn": 129,
                        "endOffset": 1008
                    }
                }
            },
            {
                "to": {
                    "startLine": 60,
                    "startColumn": 4,
                    "startOffset": 7921,
                    "endColumn": 97,
                    "endOffset": 8014
                },
                "from": {
                    "file": "E:\\Android Studio\\meeto\\NewWoffice\\app\\build\\intermediates\\exploded-aar\\com.wdullaer\\materialdatetimepicker\\2.3.0\\res\\values-pt\\values-pt.xml",
                    "position": {
                        "startLine": 11,
                        "startColumn": 4,
                        "startOffset": 1013,
                        "endColumn": 97,
                        "endOffset": 1106
                    }
                }
            },
            {
                "to": {
                    "startLine": 61,
                    "startColumn": 4,
                    "startOffset": 8019,
                    "endColumn": 94,
                    "endOffset": 8109
                },
                "from": {
                    "file": "E:\\Android Studio\\meeto\\NewWoffice\\app\\build\\intermediates\\exploded-aar\\com.wdullaer\\materialdatetimepicker\\2.3.0\\res\\values-pt\\values-pt.xml",
                    "position": {
                        "startLine": 12,
                        "startColumn": 4,
                        "startOffset": 1111,
                        "endColumn": 94,
                        "endOffset": 1201
                    }
                }
            },
            {
                "to": {
                    "startLine": 62,
                    "startColumn": 4,
                    "startOffset": 8114,
                    "endColumn": 98,
                    "endOffset": 8208
                },
                "from": {
                    "file": "E:\\Android Studio\\meeto\\NewWoffice\\app\\build\\intermediates\\exploded-aar\\com.wdullaer\\materialdatetimepicker\\2.3.0\\res\\values-pt\\values-pt.xml",
                    "position": {
                        "startLine": 13,
                        "startColumn": 4,
                        "startOffset": 1206,
                        "endColumn": 98,
                        "endOffset": 1300
                    }
                }
            },
            {
                "to": {
                    "startLine": 63,
                    "startColumn": 4,
                    "startOffset": 8213,
                    "endColumn": 90,
                    "endOffset": 8299
                },
                "from": {
                    "file": "E:\\Android Studio\\meeto\\NewWoffice\\app\\build\\intermediates\\exploded-aar\\com.wdullaer\\materialdatetimepicker\\2.3.0\\res\\values-pt\\values-pt.xml",
                    "position": {
                        "startLine": 14,
                        "startColumn": 4,
                        "startOffset": 1305,
                        "endColumn": 90,
                        "endOffset": 1391
                    }
                }
            },
            {
                "to": {
                    "startLine": 64,
                    "startColumn": 4,
                    "startOffset": 8304,
                    "endColumn": 100,
                    "endOffset": 8400
                },
                "from": {
                    "file": "E:\\Android Studio\\meeto\\NewWoffice\\app\\build\\intermediates\\exploded-aar\\com.wdullaer\\materialdatetimepicker\\2.3.0\\res\\values-pt\\values-pt.xml",
                    "position": {
                        "startLine": 15,
                        "startColumn": 4,
                        "startOffset": 1396,
                        "endColumn": 100,
                        "endOffset": 1492
                    }
                }
            },
            {
                "to": {
                    "startLine": 65,
                    "startColumn": 4,
                    "startOffset": 8405,
                    "endColumn": 61,
                    "endOffset": 8462
                },
                "from": {
                    "file": "E:\\Android Studio\\meeto\\NewWoffice\\app\\build\\intermediates\\exploded-aar\\com.facebook.android\\facebook-android-sdk\\4.1.0\\res\\values-pt\\values.xml",
                    "position": {
                        "startLine": 4,
                        "startColumn": 4,
                        "startOffset": 181,
                        "endColumn": 61,
                        "endOffset": 238
                    }
                }
            },
            {
                "to": {
                    "startLine": 66,
                    "startColumn": 4,
                    "startOffset": 8467,
                    "endColumn": 100,
                    "endOffset": 8563
                },
                "from": {
                    "file": "E:\\Android Studio\\meeto\\NewWoffice\\app\\build\\intermediates\\exploded-aar\\com.android.support\\appcompat-v7\\23.4.0\\res\\values-pt\\values-pt.xml",
                    "position": {
                        "startLine": 21,
                        "startColumn": 4,
                        "startOffset": 2048,
                        "endColumn": 100,
                        "endOffset": 2144
                    }
                }
            }
        ]
    }
]