[
    {
        "outputFile": "E:\\Android Studio\\meeto\\NewWoffice\\app\\build\\intermediates\\incremental\\mergeDebugResources\\merged.dir\\values-is-rIS\\values-is-rIS.xml",
        "map": [
            {
                "to": {
                    "startLine": 2,
                    "startColumn": 4,
                    "startOffset": 105,
                    "endColumn": 99,
                    "endOffset": 200
                },
                "from": {
                    "file": "E:\\Android Studio\\meeto\\NewWoffice\\app\\build\\intermediates\\exploded-aar\\com.android.support\\appcompat-v7\\23.4.0\\res\\values-is-rIS\\values-is-rIS.xml",
                    "position": {
                        "startLine": 2,
                        "startColumn": 4,
                        "startOffset": 55,
                        "endColumn": 99,
                        "endOffset": 150
                    }
                }
            },
            {
                "to": {
                    "startLine": 3,
                    "startColumn": 4,
                    "startOffset": 205,
                    "endColumn": 107,
                    "endOffset": 308
                },
                "from": {
                    "file": "E:\\Android Studio\\meeto\\NewWoffice\\app\\build\\intermediates\\exploded-aar\\com.android.support\\appcompat-v7\\23.4.0\\res\\values-is-rIS\\values-is-rIS.xml",
                    "position": {
                        "startLine": 3,
                        "startColumn": 4,
                        "startOffset": 155,
                        "endColumn": 107,
                        "endOffset": 258
                    }
                }
            },
            {
                "to": {
                    "startLine": 4,
                    "startColumn": 4,
                    "startOffset": 313,
                    "endColumn": 122,
                    "endOffset": 431
                },
                "from": {
                    "file": "E:\\Android Studio\\meeto\\NewWoffice\\app\\build\\intermediates\\exploded-aar\\com.android.support\\appcompat-v7\\23.4.0\\res\\values-is-rIS\\values-is-rIS.xml",
                    "position": {
                        "startLine": 4,
                        "startColumn": 4,
                        "startOffset": 263,
                        "endColumn": 122,
                        "endOffset": 381
                    }
                }
            },
            {
                "to": {
                    "startLine": 5,
                    "startColumn": 4,
                    "startOffset": 436,
                    "endColumn": 96,
                    "endOffset": 528
                },
                "from": {
                    "file": "E:\\Android Studio\\meeto\\NewWoffice\\app\\build\\intermediates\\exploded-aar\\com.android.support\\appcompat-v7\\23.4.0\\res\\values-is-rIS\\values-is-rIS.xml",
                    "position": {
                        "startLine": 5,
                        "startColumn": 4,
                        "startOffset": 386,
                        "endColumn": 96,
                        "endOffset": 478
                    }
                }
            },
            {
                "to": {
                    "startLine": 6,
                    "startColumn": 4,
                    "startOffset": 533,
                    "endColumn": 111,
                    "endOffset": 640
                },
                "from": {
                    "file": "E:\\Android Studio\\meeto\\NewWoffice\\app\\build\\intermediates\\exploded-aar\\com.android.support\\appcompat-v7\\23.4.0\\res\\values-is-rIS\\values-is-rIS.xml",
                    "position": {
                        "startLine": 6,
                        "startColumn": 4,
                        "startOffset": 483,
                        "endColumn": 111,
                        "endOffset": 590
                    }
                }
            },
            {
                "to": {
                    "startLine": 7,
                    "startColumn": 4,
                    "startOffset": 645,
                    "endColumn": 84,
                    "endOffset": 725
                },
                "from": {
                    "file": "E:\\Android Studio\\meeto\\NewWoffice\\app\\build\\intermediates\\exploded-aar\\com.android.support\\appcompat-v7\\23.4.0\\res\\values-is-rIS\\values-is-rIS.xml",
                    "position": {
                        "startLine": 7,
                        "startColumn": 4,
                        "startOffset": 595,
                        "endColumn": 84,
                        "endOffset": 675
                    }
                }
            },
            {
                "to": {
                    "startLine": 8,
                    "startColumn": 4,
                    "startOffset": 730,
                    "endColumn": 100,
                    "endOffset": 826
                },
                "from": {
                    "file": "E:\\Android Studio\\meeto\\NewWoffice\\app\\build\\intermediates\\exploded-aar\\com.android.support\\appcompat-v7\\23.4.0\\res\\values-is-rIS\\values-is-rIS.xml",
                    "position": {
                        "startLine": 8,
                        "startColumn": 4,
                        "startOffset": 680,
                        "endColumn": 100,
                        "endOffset": 776
                    }
                }
            },
            {
                "to": {
                    "startLine": 9,
                    "startColumn": 4,
                    "startOffset": 831,
                    "endColumn": 113,
                    "endOffset": 940
                },
                "from": {
                    "file": "E:\\Android Studio\\meeto\\NewWoffice\\app\\build\\intermediates\\exploded-aar\\com.android.support\\appcompat-v7\\23.4.0\\res\\values-is-rIS\\values-is-rIS.xml",
                    "position": {
                        "startLine": 9,
                        "startColumn": 4,
                        "startOffset": 781,
                        "endColumn": 113,
                        "endOffset": 890
                    }
                }
            },
            {
                "to": {
                    "startLine": 10,
                    "startColumn": 4,
                    "startOffset": 945,
                    "endColumn": 79,
                    "endOffset": 1020
                },
                "from": {
                    "file": "E:\\Android Studio\\meeto\\NewWoffice\\app\\build\\intermediates\\exploded-aar\\com.android.support\\appcompat-v7\\23.4.0\\res\\values-is-rIS\\values-is-rIS.xml",
                    "position": {
                        "startLine": 10,
                        "startColumn": 4,
                        "startOffset": 895,
                        "endColumn": 79,
                        "endOffset": 970
                    }
                }
            },
            {
                "to": {
                    "startLine": 11,
                    "startColumn": 4,
                    "startOffset": 1025,
                    "endColumn": 79,
                    "endOffset": 1100
                },
                "from": {
                    "file": "E:\\Android Studio\\meeto\\NewWoffice\\app\\build\\intermediates\\exploded-aar\\com.android.support\\appcompat-v7\\23.4.0\\res\\values-is-rIS\\values-is-rIS.xml",
                    "position": {
                        "startLine": 11,
                        "startColumn": 4,
                        "startOffset": 975,
                        "endColumn": 79,
                        "endOffset": 1050
                    }
                }
            },
            {
                "to": {
                    "startLine": 12,
                    "startColumn": 4,
                    "startOffset": 1105,
                    "endColumn": 80,
                    "endOffset": 1181
                },
                "from": {
                    "file": "E:\\Android Studio\\meeto\\NewWoffice\\app\\build\\intermediates\\exploded-aar\\com.android.support\\appcompat-v7\\23.4.0\\res\\values-is-rIS\\values-is-rIS.xml",
                    "position": {
                        "startLine": 12,
                        "startColumn": 4,
                        "startOffset": 1055,
                        "endColumn": 80,
                        "endOffset": 1131
                    }
                }
            },
            {
                "to": {
                    "startLine": 13,
                    "startColumn": 4,
                    "startOffset": 1186,
                    "endColumn": 109,
                    "endOffset": 1291
                },
                "from": {
                    "file": "E:\\Android Studio\\meeto\\NewWoffice\\app\\build\\intermediates\\exploded-aar\\com.android.support\\appcompat-v7\\23.4.0\\res\\values-is-rIS\\values-is-rIS.xml",
                    "position": {
                        "startLine": 13,
                        "startColumn": 4,
                        "startOffset": 1136,
                        "endColumn": 109,
                        "endOffset": 1241
                    }
                }
            },
            {
                "to": {
                    "startLine": 14,
                    "startColumn": 4,
                    "startOffset": 1296,
                    "endColumn": 107,
                    "endOffset": 1399
                },
                "from": {
                    "file": "E:\\Android Studio\\meeto\\NewWoffice\\app\\build\\intermediates\\exploded-aar\\com.android.support\\appcompat-v7\\23.4.0\\res\\values-is-rIS\\values-is-rIS.xml",
                    "position": {
                        "startLine": 14,
                        "startColumn": 4,
                        "startOffset": 1246,
                        "endColumn": 107,
                        "endOffset": 1349
                    }
                }
            },
            {
                "to": {
                    "startLine": 15,
                    "startColumn": 4,
                    "startOffset": 1404,
                    "endColumn": 97,
                    "endOffset": 1497
                },
                "from": {
                    "file": "E:\\Android Studio\\meeto\\NewWoffice\\app\\build\\intermediates\\exploded-aar\\com.android.support\\appcompat-v7\\23.4.0\\res\\values-is-rIS\\values-is-rIS.xml",
                    "position": {
                        "startLine": 15,
                        "startColumn": 4,
                        "startOffset": 1354,
                        "endColumn": 97,
                        "endOffset": 1447
                    }
                }
            },
            {
                "to": {
                    "startLine": 16,
                    "startColumn": 4,
                    "startOffset": 1502,
                    "endColumn": 108,
                    "endOffset": 1606
                },
                "from": {
                    "file": "E:\\Android Studio\\meeto\\NewWoffice\\app\\build\\intermediates\\exploded-aar\\com.android.support\\appcompat-v7\\23.4.0\\res\\values-is-rIS\\values-is-rIS.xml",
                    "position": {
                        "startLine": 16,
                        "startColumn": 4,
                        "startOffset": 1452,
                        "endColumn": 108,
                        "endOffset": 1556
                    }
                }
            },
            {
                "to": {
                    "startLine": 17,
                    "startColumn": 4,
                    "startOffset": 1611,
                    "endColumn": 98,
                    "endOffset": 1705
                },
                "from": {
                    "file": "E:\\Android Studio\\meeto\\NewWoffice\\app\\build\\intermediates\\exploded-aar\\com.android.support\\appcompat-v7\\23.4.0\\res\\values-is-rIS\\values-is-rIS.xml",
                    "position": {
                        "startLine": 17,
                        "startColumn": 4,
                        "startOffset": 1561,
                        "endColumn": 98,
                        "endOffset": 1655
                    }
                }
            },
            {
                "to": {
                    "startLine": 18,
                    "startColumn": 4,
                    "startOffset": 1710,
                    "endColumn": 102,
                    "endOffset": 1808
                },
                "from": {
                    "file": "E:\\Android Studio\\meeto\\NewWoffice\\app\\build\\intermediates\\exploded-aar\\com.android.support\\appcompat-v7\\23.4.0\\res\\values-is-rIS\\values-is-rIS.xml",
                    "position": {
                        "startLine": 18,
                        "startColumn": 4,
                        "startOffset": 1660,
                        "endColumn": 102,
                        "endOffset": 1758
                    }
                }
            },
            {
                "to": {
                    "startLine": 19,
                    "startColumn": 4,
                    "startOffset": 1813,
                    "endColumn": 117,
                    "endOffset": 1926
                },
                "from": {
                    "file": "E:\\Android Studio\\meeto\\NewWoffice\\app\\build\\intermediates\\exploded-aar\\com.android.support\\appcompat-v7\\23.4.0\\res\\values-is-rIS\\values-is-rIS.xml",
                    "position": {
                        "startLine": 19,
                        "startColumn": 4,
                        "startOffset": 1763,
                        "endColumn": 117,
                        "endOffset": 1876
                    }
                }
            },
            {
                "to": {
                    "startLine": 20,
                    "startColumn": 4,
                    "startOffset": 1931,
                    "endColumn": 97,
                    "endOffset": 2024
                },
                "from": {
                    "file": "E:\\Android Studio\\meeto\\NewWoffice\\app\\build\\intermediates\\exploded-aar\\com.android.support\\appcompat-v7\\23.4.0\\res\\values-is-rIS\\values-is-rIS.xml",
                    "position": {
                        "startLine": 20,
                        "startColumn": 4,
                        "startOffset": 1881,
                        "endColumn": 97,
                        "endOffset": 1974
                    }
                }
            },
            {
                "to": {
                    "startLine": 21,
                    "startColumn": 4,
                    "startOffset": 2029,
                    "endColumn": 185,
                    "endOffset": 2210
                },
                "from": {
                    "file": "E:\\Android Studio\\meeto\\NewWoffice\\app\\build\\intermediates\\exploded-aar\\com.google.android.gms\\play-services-basement\\8.3.0\\res\\values-is-rIS\\common_strings.xml",
                    "position": {
                        "startLine": 5,
                        "startColumn": 4,
                        "startOffset": 478,
                        "endColumn": 189,
                        "endOffset": 663
                    }
                }
            },
            {
                "to": {
                    "startLine": 22,
                    "startColumn": 4,
                    "startOffset": 2215,
                    "endColumn": 180,
                    "endOffset": 2391
                },
                "from": {
                    "file": "E:\\Android Studio\\meeto\\NewWoffice\\app\\build\\intermediates\\exploded-aar\\com.google.android.gms\\play-services-basement\\8.3.0\\res\\values-is-rIS\\common_strings.xml",
                    "position": {
                        "startLine": 18,
                        "startColumn": 4,
                        "startOffset": 2553,
                        "endColumn": 184,
                        "endOffset": 2733
                    }
                }
            },
            {
                "to": {
                    "startLine": 23,
                    "startColumn": 4,
                    "startOffset": 2396,
                    "endColumn": 112,
                    "endOffset": 2504
                },
                "from": {
                    "file": "E:\\Android Studio\\meeto\\NewWoffice\\app\\build\\intermediates\\exploded-aar\\com.google.android.gms\\play-services-basement\\8.3.0\\res\\values-is-rIS\\common_strings.xml",
                    "position": {
                        "startLine": 16,
                        "startColumn": 4,
                        "startOffset": 2248,
                        "endColumn": 112,
                        "endOffset": 2356
                    }
                }
            },
            {
                "to": {
                    "startLine": 24,
                    "startColumn": 4,
                    "startOffset": 2509,
                    "endColumn": 262,
                    "endOffset": 2767
                },
                "from": {
                    "file": "E:\\Android Studio\\meeto\\NewWoffice\\app\\build\\intermediates\\exploded-aar\\com.google.android.gms\\play-services-basement\\8.3.0\\res\\values-is-rIS\\common_strings.xml",
                    "position": {
                        "startLine": 30,
                        "startColumn": 4,
                        "startOffset": 4408,
                        "endColumn": 266,
                        "endOffset": 4670
                    }
                }
            },
            {
                "to": {
                    "startLine": 25,
                    "startColumn": 4,
                    "startOffset": 2772,
                    "endColumn": 127,
                    "endOffset": 2895
                },
                "from": {
                    "file": "E:\\Android Studio\\meeto\\NewWoffice\\app\\build\\intermediates\\exploded-aar\\com.google.android.gms\\play-services-basement\\8.3.0\\res\\values-is-rIS\\common_strings.xml",
                    "position": {
                        "startLine": 14,
                        "startColumn": 4,
                        "startOffset": 1992,
                        "endColumn": 127,
                        "endOffset": 2115
                    }
                }
            },
            {
                "to": {
                    "startLine": 26,
                    "startColumn": 4,
                    "startOffset": 2900,
                    "endColumn": 185,
                    "endOffset": 3081
                },
                "from": {
                    "file": "E:\\Android Studio\\meeto\\NewWoffice\\app\\build\\intermediates\\exploded-aar\\com.google.android.gms\\play-services-basement\\8.3.0\\res\\values-is-rIS\\common_strings.xml",
                    "position": {
                        "startLine": 13,
                        "startColumn": 4,
                        "startOffset": 1802,
                        "endColumn": 189,
                        "endOffset": 1987
                    }
                }
            },
            {
                "to": {
                    "startLine": 27,
                    "startColumn": 4,
                    "startOffset": 3086,
                    "endColumn": 125,
                    "endOffset": 3207
                },
                "from": {
                    "file": "E:\\Android Studio\\meeto\\NewWoffice\\app\\build\\intermediates\\exploded-aar\\com.google.android.gms\\play-services-basement\\8.3.0\\res\\values-is-rIS\\common_strings.xml",
                    "position": {
                        "startLine": 12,
                        "startColumn": 4,
                        "startOffset": 1676,
                        "endColumn": 125,
                        "endOffset": 1797
                    }
                }
            },
            {
                "to": {
                    "startLine": 28,
                    "startColumn": 4,
                    "startOffset": 3212,
                    "endColumn": 162,
                    "endOffset": 3370
                },
                "from": {
                    "file": "E:\\Android Studio\\meeto\\NewWoffice\\app\\build\\intermediates\\exploded-aar\\com.google.android.gms\\play-services-basement\\8.3.0\\res\\values-is-rIS\\common_strings.xml",
                    "position": {
                        "startLine": 7,
                        "startColumn": 4,
                        "startOffset": 827,
                        "endColumn": 166,
                        "endOffset": 989
                    }
                }
            },
            {
                "to": {
                    "startLine": 29,
                    "startColumn": 4,
                    "startOffset": 3375,
                    "endColumn": 127,
                    "endOffset": 3498
                },
                "from": {
                    "file": "E:\\Android Studio\\meeto\\NewWoffice\\app\\build\\intermediates\\exploded-aar\\com.google.android.gms\\play-services-basement\\8.3.0\\res\\values-is-rIS\\common_strings.xml",
                    "position": {
                        "startLine": 11,
                        "startColumn": 4,
                        "startOffset": 1548,
                        "endColumn": 127,
                        "endOffset": 1671
                    }
                }
            },
            {
                "to": {
                    "startLine": 30,
                    "startColumn": 4,
                    "startOffset": 3503,
                    "endColumn": 206,
                    "endOffset": 3705
                },
                "from": {
                    "file": "E:\\Android Studio\\meeto\\NewWoffice\\app\\build\\intermediates\\exploded-aar\\com.google.android.gms\\play-services-basement\\8.3.0\\res\\values-is-rIS\\common_strings.xml",
                    "position": {
                        "startLine": 9,
                        "startColumn": 4,
                        "startOffset": 1119,
                        "endColumn": 210,
                        "endOffset": 1325
                    }
                }
            },
            {
                "to": {
                    "startLine": 31,
                    "startColumn": 4,
                    "startOffset": 3710,
                    "endColumn": 213,
                    "endOffset": 3919
                },
                "from": {
                    "file": "E:\\Android Studio\\meeto\\NewWoffice\\app\\build\\intermediates\\exploded-aar\\com.google.android.gms\\play-services-basement\\8.3.0\\res\\values-is-rIS\\common_strings.xml",
                    "position": {
                        "startLine": 10,
                        "startColumn": 4,
                        "startOffset": 1330,
                        "endColumn": 217,
                        "endOffset": 1543
                    }
                }
            },
            {
                "to": {
                    "startLine": 32,
                    "startColumn": 4,
                    "startOffset": 3924,
                    "endColumn": 124,
                    "endOffset": 4044
                },
                "from": {
                    "file": "E:\\Android Studio\\meeto\\NewWoffice\\app\\build\\intermediates\\exploded-aar\\com.google.android.gms\\play-services-basement\\8.3.0\\res\\values-is-rIS\\common_strings.xml",
                    "position": {
                        "startLine": 8,
                        "startColumn": 4,
                        "startOffset": 994,
                        "endColumn": 124,
                        "endOffset": 1114
                    }
                }
            },
            {
                "to": {
                    "startLine": 33,
                    "startColumn": 4,
                    "startOffset": 4049,
                    "endColumn": 184,
                    "endOffset": 4229
                },
                "from": {
                    "file": "E:\\Android Studio\\meeto\\NewWoffice\\app\\build\\intermediates\\exploded-aar\\com.google.android.gms\\play-services-basement\\8.3.0\\res\\values-is-rIS\\common_strings.xml",
                    "position": {
                        "startLine": 24,
                        "startColumn": 4,
                        "startOffset": 3495,
                        "endColumn": 184,
                        "endOffset": 3675
                    }
                }
            },
            {
                "to": {
                    "startLine": 34,
                    "startColumn": 4,
                    "startOffset": 4234,
                    "endColumn": 126,
                    "endOffset": 4356
                },
                "from": {
                    "file": "E:\\Android Studio\\meeto\\NewWoffice\\app\\build\\intermediates\\exploded-aar\\com.google.android.gms\\play-services-basement\\8.3.0\\res\\values-is-rIS\\common_strings.xml",
                    "position": {
                        "startLine": 23,
                        "startColumn": 4,
                        "startOffset": 3368,
                        "endColumn": 126,
                        "endOffset": 3490
                    }
                }
            },
            {
                "to": {
                    "startLine": 35,
                    "startColumn": 4,
                    "startOffset": 4361,
                    "endColumn": 158,
                    "endOffset": 4515
                },
                "from": {
                    "file": "E:\\Android Studio\\meeto\\NewWoffice\\app\\build\\intermediates\\exploded-aar\\com.google.android.gms\\play-services-basement\\8.3.0\\res\\values-is-rIS\\common_strings.xml",
                    "position": {
                        "startLine": 6,
                        "startColumn": 4,
                        "startOffset": 668,
                        "endColumn": 158,
                        "endOffset": 822
                    }
                }
            },
            {
                "to": {
                    "startLine": 36,
                    "startColumn": 4,
                    "startOffset": 4520,
                    "endColumn": 168,
                    "endOffset": 4684
                },
                "from": {
                    "file": "E:\\Android Studio\\meeto\\NewWoffice\\app\\build\\intermediates\\exploded-aar\\com.google.android.gms\\play-services-basement\\8.3.0\\res\\values-is-rIS\\common_strings.xml",
                    "position": {
                        "startLine": 22,
                        "startColumn": 4,
                        "startOffset": 3199,
                        "endColumn": 168,
                        "endOffset": 3363
                    }
                }
            },
            {
                "to": {
                    "startLine": 37,
                    "startColumn": 4,
                    "startOffset": 4689,
                    "endColumn": 114,
                    "endOffset": 4799
                },
                "from": {
                    "file": "E:\\Android Studio\\meeto\\NewWoffice\\app\\build\\intermediates\\exploded-aar\\com.google.android.gms\\play-services-basement\\8.3.0\\res\\values-is-rIS\\common_strings.xml",
                    "position": {
                        "startLine": 21,
                        "startColumn": 4,
                        "startOffset": 3084,
                        "endColumn": 114,
                        "endOffset": 3194
                    }
                }
            },
            {
                "to": {
                    "startLine": 38,
                    "startColumn": 4,
                    "startOffset": 4804,
                    "endColumn": 172,
                    "endOffset": 4972
                },
                "from": {
                    "file": "E:\\Android Studio\\meeto\\NewWoffice\\app\\build\\intermediates\\exploded-aar\\com.google.android.gms\\play-services-basement\\8.3.0\\res\\values-is-rIS\\common_strings.xml",
                    "position": {
                        "startLine": 4,
                        "startColumn": 4,
                        "startOffset": 305,
                        "endColumn": 172,
                        "endOffset": 473
                    }
                }
            },
            {
                "to": {
                    "startLine": 39,
                    "startColumn": 4,
                    "startOffset": 4977,
                    "endColumn": 134,
                    "endOffset": 5107
                },
                "from": {
                    "file": "E:\\Android Studio\\meeto\\NewWoffice\\app\\build\\intermediates\\exploded-aar\\com.google.android.gms\\play-services-basement\\8.3.0\\res\\values-is-rIS\\common_strings.xml",
                    "position": {
                        "startLine": 3,
                        "startColumn": 4,
                        "startOffset": 170,
                        "endColumn": 134,
                        "endOffset": 300
                    }
                }
            },
            {
                "to": {
                    "startLine": 40,
                    "startColumn": 4,
                    "startOffset": 5112,
                    "endColumn": 171,
                    "endOffset": 5279
                },
                "from": {
                    "file": "E:\\Android Studio\\meeto\\NewWoffice\\app\\build\\intermediates\\exploded-aar\\com.google.android.gms\\play-services-basement\\8.3.0\\res\\values-is-rIS\\common_strings.xml",
                    "position": {
                        "startLine": 32,
                        "startColumn": 4,
                        "startOffset": 4803,
                        "endColumn": 171,
                        "endOffset": 4970
                    }
                }
            },
            {
                "to": {
                    "startLine": 41,
                    "startColumn": 4,
                    "startOffset": 5284,
                    "endColumn": 127,
                    "endOffset": 5407
                },
                "from": {
                    "file": "E:\\Android Studio\\meeto\\NewWoffice\\app\\build\\intermediates\\exploded-aar\\com.google.android.gms\\play-services-basement\\8.3.0\\res\\values-is-rIS\\common_strings.xml",
                    "position": {
                        "startLine": 31,
                        "startColumn": 4,
                        "startOffset": 4675,
                        "endColumn": 127,
                        "endOffset": 4798
                    }
                }
            },
            {
                "to": {
                    "startLine": 42,
                    "startColumn": 4,
                    "startOffset": 5412,
                    "endColumn": 141,
                    "endOffset": 5549
                },
                "from": {
                    "file": "E:\\Android Studio\\meeto\\NewWoffice\\app\\build\\intermediates\\exploded-aar\\com.google.android.gms\\play-services-basement\\8.3.0\\res\\values-is-rIS\\common_strings.xml",
                    "position": {
                        "startLine": 25,
                        "startColumn": 4,
                        "startOffset": 3680,
                        "endColumn": 141,
                        "endOffset": 3817
                    }
                }
            },
            {
                "to": {
                    "startLine": 43,
                    "startColumn": 4,
                    "startOffset": 5554,
                    "endColumn": 255,
                    "endOffset": 5805
                },
                "from": {
                    "file": "E:\\Android Studio\\meeto\\NewWoffice\\app\\build\\intermediates\\exploded-aar\\com.google.android.gms\\play-services-basement\\8.3.0\\res\\values-is-rIS\\common_strings.xml",
                    "position": {
                        "startLine": 27,
                        "startColumn": 4,
                        "startOffset": 3947,
                        "endColumn": 259,
                        "endOffset": 4202
                    }
                }
            },
            {
                "to": {
                    "startLine": 44,
                    "startColumn": 4,
                    "startOffset": 5810,
                    "endColumn": 124,
                    "endOffset": 5930
                },
                "from": {
                    "file": "E:\\Android Studio\\meeto\\NewWoffice\\app\\build\\intermediates\\exploded-aar\\com.google.android.gms\\play-services-basement\\8.3.0\\res\\values-is-rIS\\common_strings.xml",
                    "position": {
                        "startLine": 26,
                        "startColumn": 4,
                        "startOffset": 3822,
                        "endColumn": 124,
                        "endOffset": 3942
                    }
                }
            },
            {
                "to": {
                    "startLine": 45,
                    "startColumn": 4,
                    "startOffset": 5935,
                    "endColumn": 107,
                    "endOffset": 6038
                },
                "from": {
                    "file": "E:\\Android Studio\\meeto\\NewWoffice\\app\\build\\intermediates\\exploded-aar\\com.google.android.gms\\play-services-basement\\8.3.0\\res\\values-is-rIS\\common_strings.xml",
                    "position": {
                        "startLine": 28,
                        "startColumn": 4,
                        "startOffset": 4207,
                        "endColumn": 107,
                        "endOffset": 4310
                    }
                }
            },
            {
                "to": {
                    "startLine": 46,
                    "startColumn": 4,
                    "startOffset": 6043,
                    "endColumn": 187,
                    "endOffset": 6226
                },
                "from": {
                    "file": "E:\\Android Studio\\meeto\\NewWoffice\\app\\build\\intermediates\\exploded-aar\\com.google.android.gms\\play-services-basement\\8.3.0\\res\\values-is-rIS\\common_strings.xml",
                    "position": {
                        "startLine": 17,
                        "startColumn": 4,
                        "startOffset": 2361,
                        "endColumn": 191,
                        "endOffset": 2548
                    }
                }
            },
            {
                "to": {
                    "startLine": 47,
                    "startColumn": 4,
                    "startOffset": 6231,
                    "endColumn": 127,
                    "endOffset": 6354
                },
                "from": {
                    "file": "E:\\Android Studio\\meeto\\NewWoffice\\app\\build\\intermediates\\exploded-aar\\com.google.android.gms\\play-services-basement\\8.3.0\\res\\values-is-rIS\\common_strings.xml",
                    "position": {
                        "startLine": 15,
                        "startColumn": 4,
                        "startOffset": 2120,
                        "endColumn": 127,
                        "endOffset": 2243
                    }
                }
            },
            {
                "to": {
                    "startLine": 48,
                    "startColumn": 4,
                    "startOffset": 6359,
                    "endColumn": 200,
                    "endOffset": 6555
                },
                "from": {
                    "file": "E:\\Android Studio\\meeto\\NewWoffice\\app\\build\\intermediates\\exploded-aar\\com.google.android.gms\\play-services-basement\\8.3.0\\res\\values-is-rIS\\common_strings.xml",
                    "position": {
                        "startLine": 20,
                        "startColumn": 4,
                        "startOffset": 2879,
                        "endColumn": 204,
                        "endOffset": 3079
                    }
                }
            },
            {
                "to": {
                    "startLine": 49,
                    "startColumn": 4,
                    "startOffset": 6560,
                    "endColumn": 140,
                    "endOffset": 6696
                },
                "from": {
                    "file": "E:\\Android Studio\\meeto\\NewWoffice\\app\\build\\intermediates\\exploded-aar\\com.google.android.gms\\play-services-basement\\8.3.0\\res\\values-is-rIS\\common_strings.xml",
                    "position": {
                        "startLine": 19,
                        "startColumn": 4,
                        "startOffset": 2738,
                        "endColumn": 140,
                        "endOffset": 2874
                    }
                }
            },
            {
                "to": {
                    "startLine": 50,
                    "startColumn": 4,
                    "startOffset": 6701,
                    "endColumn": 92,
                    "endOffset": 6789
                },
                "from": {
                    "file": "E:\\Android Studio\\meeto\\NewWoffice\\app\\build\\intermediates\\exploded-aar\\com.google.android.gms\\play-services-basement\\8.3.0\\res\\values-is-rIS\\common_strings.xml",
                    "position": {
                        "startLine": 29,
                        "startColumn": 4,
                        "startOffset": 4315,
                        "endColumn": 92,
                        "endOffset": 4403
                    }
                }
            },
            {
                "to": {
                    "startLine": 51,
                    "startColumn": 4,
                    "startOffset": 6794,
                    "endColumn": 92,
                    "endOffset": 6882
                },
                "from": {
                    "file": "E:\\Android Studio\\meeto\\NewWoffice\\app\\build\\intermediates\\exploded-aar\\com.google.android.gms\\play-services-base\\8.3.0\\res\\values-is-rIS\\base_strings.xml",
                    "position": {
                        "startLine": 3,
                        "startColumn": 4,
                        "startOffset": 170,
                        "endColumn": 92,
                        "endOffset": 258
                    }
                }
            },
            {
                "to": {
                    "startLine": 52,
                    "startColumn": 4,
                    "startOffset": 6887,
                    "endColumn": 108,
                    "endOffset": 6991
                },
                "from": {
                    "file": "E:\\Android Studio\\meeto\\NewWoffice\\app\\build\\intermediates\\exploded-aar\\com.google.android.gms\\play-services-base\\8.3.0\\res\\values-is-rIS\\base_strings.xml",
                    "position": {
                        "startLine": 4,
                        "startColumn": 4,
                        "startOffset": 263,
                        "endColumn": 108,
                        "endOffset": 367
                    }
                }
            },
            {
                "to": {
                    "startLine": 53,
                    "startColumn": 4,
                    "startOffset": 6996,
                    "endColumn": 60,
                    "endOffset": 7052
                },
                "from": {
                    "file": "E:\\Android Studio\\meeto\\NewWoffice\\app\\build\\intermediates\\exploded-aar\\com.wdullaer\\materialdatetimepicker\\2.3.0\\res\\values-is-rIS\\values-is-rIS.xml",
                    "position": {
                        "startLine": 4,
                        "startColumn": 4,
                        "startOffset": 267,
                        "endColumn": 60,
                        "endOffset": 323
                    }
                }
            },
            {
                "to": {
                    "startLine": 54,
                    "startColumn": 4,
                    "startOffset": 7057,
                    "endColumn": 108,
                    "endOffset": 7161
                },
                "from": {
                    "file": "E:\\Android Studio\\meeto\\NewWoffice\\app\\build\\intermediates\\exploded-aar\\com.wdullaer\\materialdatetimepicker\\2.3.0\\res\\values-is-rIS\\values-is-rIS.xml",
                    "position": {
                        "startLine": 5,
                        "startColumn": 4,
                        "startOffset": 328,
                        "endColumn": 108,
                        "endOffset": 432
                    }
                }
            },
            {
                "to": {
                    "startLine": 55,
                    "startColumn": 4,
                    "startOffset": 7166,
                    "endColumn": 108,
                    "endOffset": 7270
                },
                "from": {
                    "file": "E:\\Android Studio\\meeto\\NewWoffice\\app\\build\\intermediates\\exploded-aar\\com.wdullaer\\materialdatetimepicker\\2.3.0\\res\\values-is-rIS\\values-is-rIS.xml",
                    "position": {
                        "startLine": 6,
                        "startColumn": 4,
                        "startOffset": 437,
                        "endColumn": 108,
                        "endOffset": 541
                    }
                }
            },
            {
                "to": {
                    "startLine": 56,
                    "startColumn": 4,
                    "startOffset": 7275,
                    "endColumn": 79,
                    "endOffset": 7350
                },
                "from": {
                    "file": "E:\\Android Studio\\meeto\\NewWoffice\\app\\build\\intermediates\\exploded-aar\\com.wdullaer\\materialdatetimepicker\\2.3.0\\res\\values-is-rIS\\values-is-rIS.xml",
                    "position": {
                        "startLine": 7,
                        "startColumn": 4,
                        "startOffset": 546,
                        "endColumn": 79,
                        "endOffset": 621
                    }
                }
            },
            {
                "to": {
                    "startLine": 57,
                    "startColumn": 4,
                    "startOffset": 7355,
                    "endColumn": 115,
                    "endOffset": 7466
                },
                "from": {
                    "file": "E:\\Android Studio\\meeto\\NewWoffice\\app\\build\\intermediates\\exploded-aar\\com.wdullaer\\materialdatetimepicker\\2.3.0\\res\\values-is-rIS\\values-is-rIS.xml",
                    "position": {
                        "startLine": 8,
                        "startColumn": 4,
                        "startOffset": 626,
                        "endColumn": 115,
                        "endOffset": 737
                    }
                }
            },
            {
                "to": {
                    "startLine": 58,
                    "startColumn": 4,
                    "startOffset": 7471,
                    "endColumn": 115,
                    "endOffset": 7582
                },
                "from": {
                    "file": "E:\\Android Studio\\meeto\\NewWoffice\\app\\build\\intermediates\\exploded-aar\\com.wdullaer\\materialdatetimepicker\\2.3.0\\res\\values-is-rIS\\values-is-rIS.xml",
                    "position": {
                        "startLine": 9,
                        "startColumn": 4,
                        "startOffset": 742,
                        "endColumn": 115,
                        "endOffset": 853
                    }
                }
            },
            {
                "to": {
                    "startLine": 59,
                    "startColumn": 4,
                    "startOffset": 7587,
                    "endColumn": 111,
                    "endOffset": 7694
                },
                "from": {
                    "file": "E:\\Android Studio\\meeto\\NewWoffice\\app\\build\\intermediates\\exploded-aar\\com.wdullaer\\materialdatetimepicker\\2.3.0\\res\\values-is-rIS\\values-is-rIS.xml",
                    "position": {
                        "startLine": 10,
                        "startColumn": 4,
                        "startOffset": 858,
                        "endColumn": 111,
                        "endOffset": 965
                    }
                }
            },
            {
                "to": {
                    "startLine": 60,
                    "startColumn": 4,
                    "startOffset": 7699,
                    "endColumn": 92,
                    "endOffset": 7787
                },
                "from": {
                    "file": "E:\\Android Studio\\meeto\\NewWoffice\\app\\build\\intermediates\\exploded-aar\\com.wdullaer\\materialdatetimepicker\\2.3.0\\res\\values-is-rIS\\values-is-rIS.xml",
                    "position": {
                        "startLine": 11,
                        "startColumn": 4,
                        "startOffset": 970,
                        "endColumn": 92,
                        "endOffset": 1058
                    }
                }
            },
            {
                "to": {
                    "startLine": 61,
                    "startColumn": 4,
                    "startOffset": 7792,
                    "endColumn": 95,
                    "endOffset": 7883
                },
                "from": {
                    "file": "E:\\Android Studio\\meeto\\NewWoffice\\app\\build\\intermediates\\exploded-aar\\com.wdullaer\\materialdatetimepicker\\2.3.0\\res\\values-is-rIS\\values-is-rIS.xml",
                    "position": {
                        "startLine": 12,
                        "startColumn": 4,
                        "startOffset": 1063,
                        "endColumn": 95,
                        "endOffset": 1154
                    }
                }
            },
            {
                "to": {
                    "startLine": 62,
                    "startColumn": 4,
                    "startOffset": 7888,
                    "endColumn": 91,
                    "endOffset": 7975
                },
                "from": {
                    "file": "E:\\Android Studio\\meeto\\NewWoffice\\app\\build\\intermediates\\exploded-aar\\com.wdullaer\\materialdatetimepicker\\2.3.0\\res\\values-is-rIS\\values-is-rIS.xml",
                    "position": {
                        "startLine": 13,
                        "startColumn": 4,
                        "startOffset": 1159,
                        "endColumn": 91,
                        "endOffset": 1246
                    }
                }
            },
            {
                "to": {
                    "startLine": 63,
                    "startColumn": 4,
                    "startOffset": 7980,
                    "endColumn": 83,
                    "endOffset": 8059
                },
                "from": {
                    "file": "E:\\Android Studio\\meeto\\NewWoffice\\app\\build\\intermediates\\exploded-aar\\com.wdullaer\\materialdatetimepicker\\2.3.0\\res\\values-is-rIS\\values-is-rIS.xml",
                    "position": {
                        "startLine": 14,
                        "startColumn": 4,
                        "startOffset": 1251,
                        "endColumn": 83,
                        "endOffset": 1330
                    }
                }
            },
            {
                "to": {
                    "startLine": 64,
                    "startColumn": 4,
                    "startOffset": 8064,
                    "endColumn": 95,
                    "endOffset": 8155
                },
                "from": {
                    "file": "E:\\Android Studio\\meeto\\NewWoffice\\app\\build\\intermediates\\exploded-aar\\com.wdullaer\\materialdatetimepicker\\2.3.0\\res\\values-is-rIS\\values-is-rIS.xml",
                    "position": {
                        "startLine": 15,
                        "startColumn": 4,
                        "startOffset": 1335,
                        "endColumn": 95,
                        "endOffset": 1426
                    }
                }
            },
            {
                "to": {
                    "startLine": 65,
                    "startColumn": 4,
                    "startOffset": 8160,
                    "endColumn": 100,
                    "endOffset": 8256
                },
                "from": {
                    "file": "E:\\Android Studio\\meeto\\NewWoffice\\app\\build\\intermediates\\exploded-aar\\com.android.support\\appcompat-v7\\23.4.0\\res\\values-is-rIS\\values-is-rIS.xml",
                    "position": {
                        "startLine": 21,
                        "startColumn": 4,
                        "startOffset": 1979,
                        "endColumn": 100,
                        "endOffset": 2075
                    }
                }
            }
        ]
    }
]