[
    {
        "outputFile": "E:\\Android Studio\\meeto\\NewWoffice\\app\\build\\intermediates\\incremental\\mergeDebugResources\\merged.dir\\values-land\\values-land.xml",
        "map": [
            {
                "to": {
                    "startLine": 2,
                    "startColumn": 4,
                    "startOffset": 55,
                    "endColumn": 61,
                    "endOffset": 112
                },
                "from": {
                    "file": "E:\\Android Studio\\meeto\\NewWoffice\\app\\build\\intermediates\\exploded-aar\\com.android.support\\appcompat-v7\\23.4.0\\res\\values-land\\values-land.xml",
                    "position": {
                        "startLine": 2,
                        "startColumn": 4,
                        "startOffset": 55,
                        "endColumn": 61,
                        "endOffset": 112
                    }
                }
            },
            {
                "to": {
                    "startLine": 3,
                    "startColumn": 4,
                    "startOffset": 117,
                    "endColumn": 71,
                    "endOffset": 184
                },
                "from": {
                    "file": "E:\\Android Studio\\meeto\\NewWoffice\\app\\build\\intermediates\\exploded-aar\\com.android.support\\appcompat-v7\\23.4.0\\res\\values-land\\values-land.xml",
                    "position": {
                        "startLine": 3,
                        "startColumn": 4,
                        "startOffset": 117,
                        "endColumn": 71,
                        "endOffset": 184
                    }
                }
            },
            {
                "to": {
                    "startLine": 4,
                    "startColumn": 4,
                    "startOffset": 189,
                    "endColumn": 69,
                    "endOffset": 254
                },
                "from": {
                    "file": "E:\\Android Studio\\meeto\\NewWoffice\\app\\build\\intermediates\\exploded-aar\\com.android.support\\appcompat-v7\\23.4.0\\res\\values-land\\values-land.xml",
                    "position": {
                        "startLine": 4,
                        "startColumn": 4,
                        "startOffset": 189,
                        "endColumn": 69,
                        "endOffset": 254
                    }
                }
            },
            {
                "to": {
                    "startLine": 5,
                    "startColumn": 4,
                    "startOffset": 259,
                    "endColumn": 63,
                    "endOffset": 318
                },
                "from": {
                    "file": "E:\\Android Studio\\meeto\\NewWoffice\\app\\build\\intermediates\\exploded-aar\\com.android.support\\appcompat-v7\\23.4.0\\res\\values-land\\values-land.xml",
                    "position": {
                        "startLine": 5,
                        "startColumn": 4,
                        "startOffset": 259,
                        "endColumn": 63,
                        "endOffset": 318
                    }
                }
            },
            {
                "to": {
                    "startLine": 6,
                    "startColumn": 4,
                    "startOffset": 323,
                    "endColumn": 70,
                    "endOffset": 389
                },
                "from": {
                    "file": "E:\\Android Studio\\meeto\\NewWoffice\\app\\build\\intermediates\\exploded-aar\\com.android.support\\appcompat-v7\\23.4.0\\res\\values-land\\values-land.xml",
                    "position": {
                        "startLine": 6,
                        "startColumn": 4,
                        "startOffset": 323,
                        "endColumn": 70,
                        "endOffset": 389
                    }
                }
            },
            {
                "to": {
                    "startLine": 7,
                    "startColumn": 4,
                    "startOffset": 394,
                    "endColumn": 67,
                    "endOffset": 457
                },
                "from": {
                    "file": "E:\\Android Studio\\meeto\\NewWoffice\\app\\build\\intermediates\\exploded-aar\\com.android.support\\appcompat-v7\\23.4.0\\res\\values-land\\values-land.xml",
                    "position": {
                        "startLine": 7,
                        "startColumn": 4,
                        "startOffset": 394,
                        "endColumn": 67,
                        "endOffset": 457
                    }
                }
            },
            {
                "to": {
                    "startLine": 8,
                    "startColumn": 4,
                    "startOffset": 462,
                    "endColumn": 64,
                    "endOffset": 522
                },
                "from": {
                    "file": "E:\\Android Studio\\meeto\\NewWoffice\\app\\build\\intermediates\\exploded-aar\\com.wdullaer\\materialdatetimepicker\\2.3.0\\res\\values-land\\values-land.xml",
                    "position": {
                        "startLine": 4,
                        "startColumn": 4,
                        "startOffset": 214,
                        "endColumn": 64,
                        "endOffset": 274
                    }
                }
            },
            {
                "to": {
                    "startLine": 9,
                    "startColumn": 4,
                    "startOffset": 527,
                    "endColumn": 69,
                    "endOffset": 592
                },
                "from": {
                    "file": "E:\\Android Studio\\meeto\\NewWoffice\\app\\build\\intermediates\\exploded-aar\\com.wdullaer\\materialdatetimepicker\\2.3.0\\res\\values-land\\values-land.xml",
                    "position": {
                        "startLine": 5,
                        "startColumn": 4,
                        "startOffset": 279,
                        "endColumn": 69,
                        "endOffset": 344
                    }
                }
            },
            {
                "to": {
                    "startLine": 10,
                    "startColumn": 4,
                    "startOffset": 597,
                    "endColumn": 51,
                    "endOffset": 644
                },
                "from": {
                    "file": "E:\\Android Studio\\meeto\\NewWoffice\\app\\build\\intermediates\\exploded-aar\\com.wdullaer\\materialdatetimepicker\\2.3.0\\res\\values-land\\values-land.xml",
                    "position": {
                        "startLine": 6,
                        "startColumn": 4,
                        "startOffset": 349,
                        "endColumn": 51,
                        "endOffset": 396
                    }
                }
            },
            {
                "to": {
                    "startLine": 11,
                    "startColumn": 4,
                    "startOffset": 649,
                    "endColumn": 53,
                    "endOffset": 698
                },
                "from": {
                    "file": "E:\\Android Studio\\meeto\\NewWoffice\\app\\build\\intermediates\\exploded-aar\\com.wdullaer\\materialdatetimepicker\\2.3.0\\res\\values-land\\values-land.xml",
                    "position": {
                        "startLine": 7,
                        "startColumn": 4,
                        "startOffset": 401,
                        "endColumn": 53,
                        "endOffset": 450
                    }
                }
            },
            {
                "to": {
                    "startLine": 12,
                    "startColumn": 4,
                    "startOffset": 703,
                    "endColumn": 50,
                    "endOffset": 749
                },
                "from": {
                    "file": "E:\\Android Studio\\meeto\\NewWoffice\\app\\build\\intermediates\\exploded-aar\\com.wdullaer\\materialdatetimepicker\\2.3.0\\res\\values-land\\values-land.xml",
                    "position": {
                        "startLine": 8,
                        "startColumn": 4,
                        "startOffset": 455,
                        "endColumn": 50,
                        "endOffset": 501
                    }
                }
            },
            {
                "to": {
                    "startLine": 13,
                    "startColumn": 4,
                    "startOffset": 754,
                    "endColumn": 59,
                    "endOffset": 809
                },
                "from": {
                    "file": "E:\\Android Studio\\meeto\\NewWoffice\\app\\build\\intermediates\\exploded-aar\\com.wdullaer\\materialdatetimepicker\\2.3.0\\res\\values-land\\values-land.xml",
                    "position": {
                        "startLine": 9,
                        "startColumn": 4,
                        "startOffset": 506,
                        "endColumn": 59,
                        "endOffset": 561
                    }
                }
            },
            {
                "to": {
                    "startLine": 14,
                    "startColumn": 4,
                    "startOffset": 814,
                    "endColumn": 60,
                    "endOffset": 870
                },
                "from": {
                    "file": "E:\\Android Studio\\meeto\\NewWoffice\\app\\build\\intermediates\\exploded-aar\\com.wdullaer\\materialdatetimepicker\\2.3.0\\res\\values-land\\values-land.xml",
                    "position": {
                        "startLine": 10,
                        "startColumn": 4,
                        "startOffset": 566,
                        "endColumn": 60,
                        "endOffset": 622
                    }
                }
            },
            {
                "to": {
                    "startLine": 15,
                    "startColumn": 4,
                    "startOffset": 875,
                    "endColumn": 59,
                    "endOffset": 930
                },
                "from": {
                    "file": "E:\\Android Studio\\meeto\\NewWoffice\\app\\build\\intermediates\\exploded-aar\\com.wdullaer\\materialdatetimepicker\\2.3.0\\res\\values-land\\values-land.xml",
                    "position": {
                        "startLine": 11,
                        "startColumn": 4,
                        "startOffset": 627,
                        "endColumn": 59,
                        "endOffset": 682
                    }
                }
            },
            {
                "to": {
                    "startLine": 16,
                    "startColumn": 4,
                    "startOffset": 935,
                    "endColumn": 56,
                    "endOffset": 987
                },
                "from": {
                    "file": "E:\\Android Studio\\meeto\\NewWoffice\\app\\build\\intermediates\\exploded-aar\\com.wdullaer\\materialdatetimepicker\\2.3.0\\res\\values-land\\values-land.xml",
                    "position": {
                        "startLine": 12,
                        "startColumn": 4,
                        "startOffset": 687,
                        "endColumn": 56,
                        "endOffset": 739
                    }
                }
            },
            {
                "to": {
                    "startLine": 17,
                    "startColumn": 4,
                    "startOffset": 992,
                    "endLine": 20,
                    "endColumn": 12,
                    "endOffset": 1169
                },
                "from": {
                    "file": "E:\\Android Studio\\meeto\\NewWoffice\\app\\build\\intermediates\\exploded-aar\\com.android.support\\design\\23.4.0\\res\\values-land\\values-land.xml",
                    "position": {
                        "startLine": 2,
                        "startColumn": 4,
                        "startOffset": 55,
                        "endLine": 5,
                        "endColumn": 12,
                        "endOffset": 232
                    }
                }
            }
        ]
    }
]