[
    {
        "outputFile": "E:\\Android Studio\\meeto\\NewWoffice\\app\\build\\intermediates\\incremental\\mergeDebugResources\\merged.dir\\values-v21\\values-v21.xml",
        "map": [
            {
                "to": {
                    "startLine": 2,
                    "startColumn": 4,
                    "startOffset": 55,
                    "endLine": 8,
                    "endColumn": 12,
                    "endOffset": 430
                },
                "from": {
                    "file": "E:\\Android Studio\\meeto\\NewWoffice\\app\\src\\main\\res\\values-v21\\styles.xml",
                    "position": {
                        "startLine": 9,
                        "startColumn": 4,
                        "startOffset": 325,
                        "endLine": 15,
                        "endColumn": 12,
                        "endOffset": 706
                    }
                }
            },
            {
                "to": {
                    "startLine": 9,
                    "startColumn": 4,
                    "startOffset": 435,
                    "endLine": 14,
                    "endColumn": 12,
                    "endOffset": 728
                },
                "from": {
                    "file": "E:\\Android Studio\\meeto\\NewWoffice\\app\\src\\main\\res\\values-v21\\styles.xml",
                    "position": {
                        "startLine": 2,
                        "startColumn": 4,
                        "startOffset": 19,
                        "endLine": 7,
                        "endColumn": 12,
                        "endOffset": 317
                    }
                }
            },
            {
                "to": {
                    "startLine": 15,
                    "startColumn": 4,
                    "startOffset": 733,
                    "endColumn": 90,
                    "endOffset": 819
                },
                "from": {
                    "file": "E:\\Android Studio\\meeto\\NewWoffice\\app\\build\\intermediates\\exploded-aar\\com.android.support\\appcompat-v7\\23.4.0\\res\\values-v21\\values-v21.xml",
                    "position": {
                        "startLine": 2,
                        "startColumn": 4,
                        "startOffset": 55,
                        "endColumn": 90,
                        "endOffset": 141
                    }
                }
            },
            {
                "to": {
                    "startLine": 16,
                    "startColumn": 4,
                    "startOffset": 824,
                    "endColumn": 102,
                    "endOffset": 922
                },
                "from": {
                    "file": "E:\\Android Studio\\meeto\\NewWoffice\\app\\build\\intermediates\\exploded-aar\\com.android.support\\appcompat-v7\\23.4.0\\res\\values-v21\\values-v21.xml",
                    "position": {
                        "startLine": 3,
                        "startColumn": 4,
                        "startOffset": 146,
                        "endColumn": 102,
                        "endOffset": 244
                    }
                }
            },
            {
                "to": {
                    "startLine": 17,
                    "startColumn": 4,
                    "startOffset": 927,
                    "endColumn": 102,
                    "endOffset": 1025
                },
                "from": {
                    "file": "E:\\Android Studio\\meeto\\NewWoffice\\app\\build\\intermediates\\exploded-aar\\com.android.support\\appcompat-v7\\23.4.0\\res\\values-v21\\values-v21.xml",
                    "position": {
                        "startLine": 4,
                        "startColumn": 4,
                        "startOffset": 249,
                        "endColumn": 102,
                        "endOffset": 347
                    }
                }
            },
            {
                "to": {
                    "startLine": 18,
                    "startColumn": 4,
                    "startOffset": 1030,
                    "endColumn": 104,
                    "endOffset": 1130
                },
                "from": {
                    "file": "E:\\Android Studio\\meeto\\NewWoffice\\app\\build\\intermediates\\exploded-aar\\com.android.support\\appcompat-v7\\23.4.0\\res\\values-v21\\values-v21.xml",
                    "position": {
                        "startLine": 5,
                        "startColumn": 4,
                        "startOffset": 352,
                        "endColumn": 104,
                        "endOffset": 452
                    }
                }
            },
            {
                "to": {
                    "startLine": 19,
                    "startColumn": 4,
                    "startOffset": 1135,
                    "endColumn": 106,
                    "endOffset": 1237
                },
                "from": {
                    "file": "E:\\Android Studio\\meeto\\NewWoffice\\app\\build\\intermediates\\exploded-aar\\com.android.support\\appcompat-v7\\23.4.0\\res\\values-v21\\values-v21.xml",
                    "position": {
                        "startLine": 6,
                        "startColumn": 4,
                        "startOffset": 457,
                        "endColumn": 106,
                        "endOffset": 559
                    }
                }
            },
            {
                "to": {
                    "startLine": 20,
                    "startColumn": 4,
                    "startOffset": 1242,
                    "endColumn": 108,
                    "endOffset": 1346
                },
                "from": {
                    "file": "E:\\Android Studio\\meeto\\NewWoffice\\app\\build\\intermediates\\exploded-aar\\com.android.support\\appcompat-v7\\23.4.0\\res\\values-v21\\values-v21.xml",
                    "position": {
                        "startLine": 7,
                        "startColumn": 4,
                        "startOffset": 564,
                        "endColumn": 108,
                        "endOffset": 668
                    }
                }
            },
            {
                "to": {
                    "startLine": 21,
                    "startColumn": 4,
                    "startOffset": 1351,
                    "endColumn": 108,
                    "endOffset": 1455
                },
                "from": {
                    "file": "E:\\Android Studio\\meeto\\NewWoffice\\app\\build\\intermediates\\exploded-aar\\com.android.support\\appcompat-v7\\23.4.0\\res\\values-v21\\values-v21.xml",
                    "position": {
                        "startLine": 8,
                        "startColumn": 4,
                        "startOffset": 673,
                        "endColumn": 108,
                        "endOffset": 777
                    }
                }
            },
            {
                "to": {
                    "startLine": 22,
                    "startColumn": 4,
                    "startOffset": 1460,
                    "endColumn": 108,
                    "endOffset": 1564
                },
                "from": {
                    "file": "E:\\Android Studio\\meeto\\NewWoffice\\app\\build\\intermediates\\exploded-aar\\com.android.support\\appcompat-v7\\23.4.0\\res\\values-v21\\values-v21.xml",
                    "position": {
                        "startLine": 9,
                        "startColumn": 4,
                        "startOffset": 782,
                        "endColumn": 108,
                        "endOffset": 886
                    }
                }
            },
            {
                "to": {
                    "startLine": 23,
                    "startColumn": 4,
                    "startOffset": 1569,
                    "endColumn": 108,
                    "endOffset": 1673
                },
                "from": {
                    "file": "E:\\Android Studio\\meeto\\NewWoffice\\app\\build\\intermediates\\exploded-aar\\com.android.support\\appcompat-v7\\23.4.0\\res\\values-v21\\values-v21.xml",
                    "position": {
                        "startLine": 10,
                        "startColumn": 4,
                        "startOffset": 891,
                        "endColumn": 108,
                        "endOffset": 995
                    }
                }
            },
            {
                "to": {
                    "startLine": 24,
                    "startColumn": 4,
                    "startOffset": 1678,
                    "endColumn": 108,
                    "endOffset": 1782
                },
                "from": {
                    "file": "E:\\Android Studio\\meeto\\NewWoffice\\app\\build\\intermediates\\exploded-aar\\com.android.support\\appcompat-v7\\23.4.0\\res\\values-v21\\values-v21.xml",
                    "position": {
                        "startLine": 11,
                        "startColumn": 4,
                        "startOffset": 1000,
                        "endColumn": 108,
                        "endOffset": 1104
                    }
                }
            },
            {
                "to": {
                    "startLine": 25,
                    "startColumn": 4,
                    "startOffset": 1787,
                    "endColumn": 106,
                    "endOffset": 1889
                },
                "from": {
                    "file": "E:\\Android Studio\\meeto\\NewWoffice\\app\\build\\intermediates\\exploded-aar\\com.android.support\\appcompat-v7\\23.4.0\\res\\values-v21\\values-v21.xml",
                    "position": {
                        "startLine": 12,
                        "startColumn": 4,
                        "startOffset": 1109,
                        "endColumn": 106,
                        "endOffset": 1211
                    }
                }
            },
            {
                "to": {
                    "startLine": 26,
                    "startColumn": 4,
                    "startOffset": 1894,
                    "endColumn": 102,
                    "endOffset": 1992
                },
                "from": {
                    "file": "E:\\Android Studio\\meeto\\NewWoffice\\app\\build\\intermediates\\exploded-aar\\com.android.support\\appcompat-v7\\23.4.0\\res\\values-v21\\values-v21.xml",
                    "position": {
                        "startLine": 13,
                        "startColumn": 4,
                        "startOffset": 1216,
                        "endColumn": 102,
                        "endOffset": 1314
                    }
                }
            },
            {
                "to": {
                    "startLine": 27,
                    "startColumn": 4,
                    "startOffset": 1997,
                    "endColumn": 118,
                    "endOffset": 2111
                },
                "from": {
                    "file": "E:\\Android Studio\\meeto\\NewWoffice\\app\\build\\intermediates\\exploded-aar\\com.android.support\\appcompat-v7\\23.4.0\\res\\values-v21\\values-v21.xml",
                    "position": {
                        "startLine": 14,
                        "startColumn": 4,
                        "startOffset": 1319,
                        "endColumn": 118,
                        "endOffset": 1433
                    }
                }
            },
            {
                "to": {
                    "startLine": 28,
                    "startColumn": 4,
                    "startOffset": 2116,
                    "endLine": 29,
                    "endColumn": 12,
                    "endOffset": 2266
                },
                "from": {
                    "file": "E:\\Android Studio\\meeto\\NewWoffice\\app\\build\\intermediates\\exploded-aar\\com.android.support\\appcompat-v7\\23.4.0\\res\\values-v21\\values-v21.xml",
                    "position": {
                        "startLine": 15,
                        "startColumn": 4,
                        "startOffset": 1438,
                        "endLine": 16,
                        "endColumn": 12,
                        "endOffset": 1588
                    }
                }
            },
            {
                "to": {
                    "startLine": 30,
                    "startColumn": 4,
                    "startOffset": 2271,
                    "endLine": 31,
                    "endColumn": 12,
                    "endOffset": 2421
                },
                "from": {
                    "file": "E:\\Android Studio\\meeto\\NewWoffice\\app\\build\\intermediates\\exploded-aar\\com.android.support\\appcompat-v7\\23.4.0\\res\\values-v21\\values-v21.xml",
                    "position": {
                        "startLine": 17,
                        "startColumn": 4,
                        "startOffset": 1593,
                        "endLine": 18,
                        "endColumn": 12,
                        "endOffset": 1743
                    }
                }
            },
            {
                "to": {
                    "startLine": 32,
                    "startColumn": 4,
                    "startOffset": 2426,
                    "endColumn": 104,
                    "endOffset": 2526
                },
                "from": {
                    "file": "E:\\Android Studio\\meeto\\NewWoffice\\app\\build\\intermediates\\exploded-aar\\com.android.support\\appcompat-v7\\23.4.0\\res\\values-v21\\values-v21.xml",
                    "position": {
                        "startLine": 19,
                        "startColumn": 4,
                        "startOffset": 1748,
                        "endColumn": 104,
                        "endOffset": 1848
                    }
                }
            },
            {
                "to": {
                    "startLine": 33,
                    "startColumn": 4,
                    "startOffset": 2531,
                    "endColumn": 120,
                    "endOffset": 2647
                },
                "from": {
                    "file": "E:\\Android Studio\\meeto\\NewWoffice\\app\\build\\intermediates\\exploded-aar\\com.android.support\\appcompat-v7\\23.4.0\\res\\values-v21\\values-v21.xml",
                    "position": {
                        "startLine": 20,
                        "startColumn": 4,
                        "startOffset": 1853,
                        "endColumn": 120,
                        "endOffset": 1969
                    }
                }
            },
            {
                "to": {
                    "startLine": 34,
                    "startColumn": 4,
                    "startOffset": 2652,
                    "endColumn": 100,
                    "endOffset": 2748
                },
                "from": {
                    "file": "E:\\Android Studio\\meeto\\NewWoffice\\app\\build\\intermediates\\exploded-aar\\com.android.support\\appcompat-v7\\23.4.0\\res\\values-v21\\values-v21.xml",
                    "position": {
                        "startLine": 21,
                        "startColumn": 4,
                        "startOffset": 1974,
                        "endColumn": 100,
                        "endOffset": 2070
                    }
                }
            },
            {
                "to": {
                    "startLine": 35,
                    "startColumn": 4,
                    "startOffset": 2753,
                    "endLine": 36,
                    "endColumn": 12,
                    "endOffset": 2895
                },
                "from": {
                    "file": "E:\\Android Studio\\meeto\\NewWoffice\\app\\build\\intermediates\\exploded-aar\\com.android.support\\appcompat-v7\\23.4.0\\res\\values-v21\\values-v21.xml",
                    "position": {
                        "startLine": 22,
                        "startColumn": 4,
                        "startOffset": 2075,
                        "endLine": 23,
                        "endColumn": 12,
                        "endOffset": 2217
                    }
                }
            },
            {
                "to": {
                    "startLine": 37,
                    "startColumn": 4,
                    "startOffset": 2900,
                    "endLine": 38,
                    "endColumn": 12,
                    "endOffset": 3036
                },
                "from": {
                    "file": "E:\\Android Studio\\meeto\\NewWoffice\\app\\build\\intermediates\\exploded-aar\\com.android.support\\appcompat-v7\\23.4.0\\res\\values-v21\\values-v21.xml",
                    "position": {
                        "startLine": 24,
                        "startColumn": 4,
                        "startOffset": 2222,
                        "endLine": 25,
                        "endColumn": 12,
                        "endOffset": 2358
                    }
                }
            },
            {
                "to": {
                    "startLine": 39,
                    "startColumn": 4,
                    "startOffset": 3041,
                    "endColumn": 102,
                    "endOffset": 3139
                },
                "from": {
                    "file": "E:\\Android Studio\\meeto\\NewWoffice\\app\\build\\intermediates\\exploded-aar\\com.android.support\\appcompat-v7\\23.4.0\\res\\values-v21\\values-v21.xml",
                    "position": {
                        "startLine": 26,
                        "startColumn": 4,
                        "startOffset": 2363,
                        "endColumn": 102,
                        "endOffset": 2461
                    }
                }
            },
            {
                "to": {
                    "startLine": 40,
                    "startColumn": 4,
                    "startOffset": 3144,
                    "endColumn": 118,
                    "endOffset": 3258
                },
                "from": {
                    "file": "E:\\Android Studio\\meeto\\NewWoffice\\app\\build\\intermediates\\exploded-aar\\com.android.support\\appcompat-v7\\23.4.0\\res\\values-v21\\values-v21.xml",
                    "position": {
                        "startLine": 27,
                        "startColumn": 4,
                        "startOffset": 2466,
                        "endColumn": 118,
                        "endOffset": 2580
                    }
                }
            },
            {
                "to": {
                    "startLine": 41,
                    "startColumn": 4,
                    "startOffset": 3263,
                    "endColumn": 106,
                    "endOffset": 3365
                },
                "from": {
                    "file": "E:\\Android Studio\\meeto\\NewWoffice\\app\\build\\intermediates\\exploded-aar\\com.android.support\\appcompat-v7\\23.4.0\\res\\values-v21\\values-v21.xml",
                    "position": {
                        "startLine": 28,
                        "startColumn": 4,
                        "startOffset": 2585,
                        "endColumn": 106,
                        "endOffset": 2687
                    }
                }
            },
            {
                "to": {
                    "startLine": 42,
                    "startColumn": 4,
                    "startOffset": 3370,
                    "endColumn": 102,
                    "endOffset": 3468
                },
                "from": {
                    "file": "E:\\Android Studio\\meeto\\NewWoffice\\app\\build\\intermediates\\exploded-aar\\com.android.support\\appcompat-v7\\23.4.0\\res\\values-v21\\values-v21.xml",
                    "position": {
                        "startLine": 29,
                        "startColumn": 4,
                        "startOffset": 2692,
                        "endColumn": 102,
                        "endOffset": 2790
                    }
                }
            },
            {
                "to": {
                    "startLine": 43,
                    "startColumn": 4,
                    "startOffset": 3473,
                    "endLine": 44,
                    "endColumn": 12,
                    "endOffset": 3623
                },
                "from": {
                    "file": "E:\\Android Studio\\meeto\\NewWoffice\\app\\build\\intermediates\\exploded-aar\\com.android.support\\appcompat-v7\\23.4.0\\res\\values-v21\\values-v21.xml",
                    "position": {
                        "startLine": 30,
                        "startColumn": 4,
                        "startOffset": 2795,
                        "endLine": 31,
                        "endColumn": 12,
                        "endOffset": 2945
                    }
                }
            },
            {
                "to": {
                    "startLine": 45,
                    "startColumn": 4,
                    "startOffset": 3628,
                    "endLine": 46,
                    "endColumn": 12,
                    "endOffset": 3794
                },
                "from": {
                    "file": "E:\\Android Studio\\meeto\\NewWoffice\\app\\build\\intermediates\\exploded-aar\\com.android.support\\appcompat-v7\\23.4.0\\res\\values-v21\\values-v21.xml",
                    "position": {
                        "startLine": 32,
                        "startColumn": 4,
                        "startOffset": 2950,
                        "endLine": 33,
                        "endColumn": 12,
                        "endOffset": 3116
                    }
                }
            },
            {
                "to": {
                    "startLine": 47,
                    "startColumn": 4,
                    "startOffset": 3799,
                    "endLine": 48,
                    "endColumn": 12,
                    "endOffset": 3943
                },
                "from": {
                    "file": "E:\\Android Studio\\meeto\\NewWoffice\\app\\build\\intermediates\\exploded-aar\\com.android.support\\appcompat-v7\\23.4.0\\res\\values-v21\\values-v21.xml",
                    "position": {
                        "startLine": 34,
                        "startColumn": 4,
                        "startOffset": 3121,
                        "endLine": 35,
                        "endColumn": 12,
                        "endOffset": 3265
                    }
                }
            },
            {
                "to": {
                    "startLine": 49,
                    "startColumn": 4,
                    "startOffset": 3948,
                    "endLine": 50,
                    "endColumn": 12,
                    "endOffset": 4108
                },
                "from": {
                    "file": "E:\\Android Studio\\meeto\\NewWoffice\\app\\build\\intermediates\\exploded-aar\\com.android.support\\appcompat-v7\\23.4.0\\res\\values-v21\\values-v21.xml",
                    "position": {
                        "startLine": 36,
                        "startColumn": 4,
                        "startOffset": 3270,
                        "endLine": 37,
                        "endColumn": 12,
                        "endOffset": 3430
                    }
                }
            },
            {
                "to": {
                    "startLine": 51,
                    "startColumn": 4,
                    "startOffset": 4113,
                    "endLine": 52,
                    "endColumn": 12,
                    "endOffset": 4265
                },
                "from": {
                    "file": "E:\\Android Studio\\meeto\\NewWoffice\\app\\build\\intermediates\\exploded-aar\\com.android.support\\appcompat-v7\\23.4.0\\res\\values-v21\\values-v21.xml",
                    "position": {
                        "startLine": 38,
                        "startColumn": 4,
                        "startOffset": 3435,
                        "endLine": 39,
                        "endColumn": 12,
                        "endOffset": 3587
                    }
                }
            },
            {
                "to": {
                    "startLine": 53,
                    "startColumn": 4,
                    "startOffset": 4270,
                    "endLine": 54,
                    "endColumn": 12,
                    "endOffset": 4416
                },
                "from": {
                    "file": "E:\\Android Studio\\meeto\\NewWoffice\\app\\build\\intermediates\\exploded-aar\\com.android.support\\appcompat-v7\\23.4.0\\res\\values-v21\\values-v21.xml",
                    "position": {
                        "startLine": 40,
                        "startColumn": 4,
                        "startOffset": 3592,
                        "endLine": 41,
                        "endColumn": 12,
                        "endOffset": 3738
                    }
                }
            },
            {
                "to": {
                    "startLine": 55,
                    "startColumn": 4,
                    "startOffset": 4421,
                    "endColumn": 118,
                    "endOffset": 4535
                },
                "from": {
                    "file": "E:\\Android Studio\\meeto\\NewWoffice\\app\\build\\intermediates\\exploded-aar\\com.android.support\\appcompat-v7\\23.4.0\\res\\values-v21\\values-v21.xml",
                    "position": {
                        "startLine": 42,
                        "startColumn": 4,
                        "startOffset": 3743,
                        "endColumn": 118,
                        "endOffset": 3857
                    }
                }
            },
            {
                "to": {
                    "startLine": 56,
                    "startColumn": 4,
                    "startOffset": 4540,
                    "endLine": 57,
                    "endColumn": 12,
                    "endOffset": 4684
                },
                "from": {
                    "file": "E:\\Android Studio\\meeto\\NewWoffice\\app\\build\\intermediates\\exploded-aar\\com.android.support\\appcompat-v7\\23.4.0\\res\\values-v21\\values-v21.xml",
                    "position": {
                        "startLine": 43,
                        "startColumn": 4,
                        "startOffset": 3862,
                        "endLine": 44,
                        "endColumn": 12,
                        "endOffset": 4006
                    }
                }
            },
            {
                "to": {
                    "startLine": 58,
                    "startColumn": 4,
                    "startOffset": 4689,
                    "endLine": 59,
                    "endColumn": 12,
                    "endOffset": 4833
                },
                "from": {
                    "file": "E:\\Android Studio\\meeto\\NewWoffice\\app\\build\\intermediates\\exploded-aar\\com.android.support\\appcompat-v7\\23.4.0\\res\\values-v21\\values-v21.xml",
                    "position": {
                        "startLine": 45,
                        "startColumn": 4,
                        "startOffset": 4011,
                        "endLine": 46,
                        "endColumn": 12,
                        "endOffset": 4155
                    }
                }
            },
            {
                "to": {
                    "startLine": 60,
                    "startColumn": 4,
                    "startOffset": 4838,
                    "endColumn": 111,
                    "endOffset": 4945
                },
                "from": {
                    "file": "E:\\Android Studio\\meeto\\NewWoffice\\app\\build\\intermediates\\exploded-aar\\com.android.support\\appcompat-v7\\23.4.0\\res\\values-v21\\values-v21.xml",
                    "position": {
                        "startLine": 47,
                        "startColumn": 4,
                        "startOffset": 4160,
                        "endColumn": 111,
                        "endOffset": 4267
                    }
                }
            },
            {
                "to": {
                    "startLine": 61,
                    "startColumn": 4,
                    "startOffset": 4950,
                    "endColumn": 146,
                    "endOffset": 5092
                },
                "from": {
                    "file": "E:\\Android Studio\\meeto\\NewWoffice\\app\\build\\intermediates\\exploded-aar\\com.android.support\\appcompat-v7\\23.4.0\\res\\values-v21\\values-v21.xml",
                    "position": {
                        "startLine": 48,
                        "startColumn": 4,
                        "startOffset": 4272,
                        "endColumn": 146,
                        "endOffset": 4414
                    }
                }
            },
            {
                "to": {
                    "startLine": 62,
                    "startColumn": 4,
                    "startOffset": 5097,
                    "endLine": 63,
                    "endColumn": 12,
                    "endOffset": 5245
                },
                "from": {
                    "file": "E:\\Android Studio\\meeto\\NewWoffice\\app\\build\\intermediates\\exploded-aar\\com.android.support\\appcompat-v7\\23.4.0\\res\\values-v21\\values-v21.xml",
                    "position": {
                        "startLine": 49,
                        "startColumn": 4,
                        "startOffset": 4419,
                        "endLine": 50,
                        "endColumn": 12,
                        "endOffset": 4567
                    }
                }
            },
            {
                "to": {
                    "startLine": 64,
                    "startColumn": 4,
                    "startOffset": 5250,
                    "endLine": 65,
                    "endColumn": 12,
                    "endOffset": 5392
                },
                "from": {
                    "file": "E:\\Android Studio\\meeto\\NewWoffice\\app\\build\\intermediates\\exploded-aar\\com.android.support\\appcompat-v7\\23.4.0\\res\\values-v21\\values-v21.xml",
                    "position": {
                        "startLine": 51,
                        "startColumn": 4,
                        "startOffset": 4572,
                        "endLine": 52,
                        "endColumn": 12,
                        "endOffset": 4714
                    }
                }
            },
            {
                "to": {
                    "startLine": 66,
                    "startColumn": 4,
                    "startOffset": 5397,
                    "endColumn": 74,
                    "endOffset": 5467
                },
                "from": {
                    "file": "E:\\Android Studio\\meeto\\NewWoffice\\app\\build\\intermediates\\exploded-aar\\com.android.support\\appcompat-v7\\23.4.0\\res\\values-v21\\values-v21.xml",
                    "position": {
                        "startLine": 53,
                        "startColumn": 4,
                        "startOffset": 4719,
                        "endColumn": 74,
                        "endOffset": 4789
                    }
                }
            },
            {
                "to": {
                    "startLine": 67,
                    "startColumn": 4,
                    "startOffset": 5472,
                    "endColumn": 88,
                    "endOffset": 5556
                },
                "from": {
                    "file": "E:\\Android Studio\\meeto\\NewWoffice\\app\\build\\intermediates\\exploded-aar\\com.android.support\\appcompat-v7\\23.4.0\\res\\values-v21\\values-v21.xml",
                    "position": {
                        "startLine": 54,
                        "startColumn": 4,
                        "startOffset": 4794,
                        "endColumn": 88,
                        "endOffset": 4878
                    }
                }
            },
            {
                "to": {
                    "startLine": 68,
                    "startColumn": 4,
                    "startOffset": 5561,
                    "endColumn": 86,
                    "endOffset": 5643
                },
                "from": {
                    "file": "E:\\Android Studio\\meeto\\NewWoffice\\app\\build\\intermediates\\exploded-aar\\com.android.support\\appcompat-v7\\23.4.0\\res\\values-v21\\values-v21.xml",
                    "position": {
                        "startLine": 55,
                        "startColumn": 4,
                        "startOffset": 4883,
                        "endColumn": 86,
                        "endOffset": 4965
                    }
                }
            },
            {
                "to": {
                    "startLine": 69,
                    "startColumn": 4,
                    "startOffset": 5648,
                    "endColumn": 100,
                    "endOffset": 5744
                },
                "from": {
                    "file": "E:\\Android Studio\\meeto\\NewWoffice\\app\\build\\intermediates\\exploded-aar\\com.android.support\\appcompat-v7\\23.4.0\\res\\values-v21\\values-v21.xml",
                    "position": {
                        "startLine": 56,
                        "startColumn": 4,
                        "startOffset": 4970,
                        "endColumn": 100,
                        "endOffset": 5066
                    }
                }
            },
            {
                "to": {
                    "startLine": 70,
                    "startColumn": 4,
                    "startOffset": 5749,
                    "endLine": 113,
                    "endColumn": 12,
                    "endOffset": 8812
                },
                "from": {
                    "file": "E:\\Android Studio\\meeto\\NewWoffice\\app\\build\\intermediates\\exploded-aar\\com.android.support\\appcompat-v7\\23.4.0\\res\\values-v21\\values-v21.xml",
                    "position": {
                        "startLine": 57,
                        "startColumn": 4,
                        "startOffset": 5071,
                        "endLine": 100,
                        "endColumn": 12,
                        "endOffset": 8134
                    }
                }
            },
            {
                "to": {
                    "startLine": 114,
                    "startColumn": 4,
                    "startOffset": 8817,
                    "endLine": 116,
                    "endColumn": 12,
                    "endOffset": 8998
                },
                "from": {
                    "file": "E:\\Android Studio\\meeto\\NewWoffice\\app\\build\\intermediates\\exploded-aar\\com.android.support\\appcompat-v7\\23.4.0\\res\\values-v21\\values-v21.xml",
                    "position": {
                        "startLine": 101,
                        "startColumn": 4,
                        "startOffset": 8139,
                        "endLine": 103,
                        "endColumn": 12,
                        "endOffset": 8320
                    }
                }
            },
            {
                "to": {
                    "startLine": 117,
                    "startColumn": 4,
                    "startOffset": 9003,
                    "endLine": 160,
                    "endColumn": 12,
                    "endOffset": 12078
                },
                "from": {
                    "file": "E:\\Android Studio\\meeto\\NewWoffice\\app\\build\\intermediates\\exploded-aar\\com.android.support\\appcompat-v7\\23.4.0\\res\\values-v21\\values-v21.xml",
                    "position": {
                        "startLine": 104,
                        "startColumn": 4,
                        "startOffset": 8325,
                        "endLine": 147,
                        "endColumn": 12,
                        "endOffset": 11400
                    }
                }
            },
            {
                "to": {
                    "startLine": 161,
                    "startColumn": 4,
                    "startOffset": 12083,
                    "endLine": 163,
                    "endColumn": 12,
                    "endOffset": 12276
                },
                "from": {
                    "file": "E:\\Android Studio\\meeto\\NewWoffice\\app\\build\\intermediates\\exploded-aar\\com.android.support\\appcompat-v7\\23.4.0\\res\\values-v21\\values-v21.xml",
                    "position": {
                        "startLine": 148,
                        "startColumn": 4,
                        "startOffset": 11405,
                        "endLine": 150,
                        "endColumn": 12,
                        "endOffset": 11598
                    }
                }
            },
            {
                "to": {
                    "startLine": 164,
                    "startColumn": 4,
                    "startOffset": 12281,
                    "endLine": 165,
                    "endColumn": 12,
                    "endOffset": 12399
                },
                "from": {
                    "file": "E:\\Android Studio\\meeto\\NewWoffice\\app\\build\\intermediates\\exploded-aar\\com.android.support\\appcompat-v7\\23.4.0\\res\\values-v21\\values-v21.xml",
                    "position": {
                        "startLine": 151,
                        "startColumn": 4,
                        "startOffset": 11603,
                        "endLine": 152,
                        "endColumn": 12,
                        "endOffset": 11721
                    }
                }
            },
            {
                "to": {
                    "startLine": 166,
                    "startColumn": 4,
                    "startOffset": 12404,
                    "endLine": 167,
                    "endColumn": 12,
                    "endOffset": 12522
                },
                "from": {
                    "file": "E:\\Android Studio\\meeto\\NewWoffice\\app\\build\\intermediates\\exploded-aar\\com.android.support\\appcompat-v7\\23.4.0\\res\\values-v21\\values-v21.xml",
                    "position": {
                        "startLine": 153,
                        "startColumn": 4,
                        "startOffset": 11726,
                        "endLine": 154,
                        "endColumn": 12,
                        "endOffset": 11844
                    }
                }
            },
            {
                "to": {
                    "startLine": 168,
                    "startColumn": 4,
                    "startOffset": 12527,
                    "endLine": 169,
                    "endColumn": 12,
                    "endOffset": 12635
                },
                "from": {
                    "file": "E:\\Android Studio\\meeto\\NewWoffice\\app\\build\\intermediates\\exploded-aar\\com.android.support\\appcompat-v7\\23.4.0\\res\\values-v21\\values-v21.xml",
                    "position": {
                        "startLine": 155,
                        "startColumn": 4,
                        "startOffset": 11849,
                        "endLine": 156,
                        "endColumn": 12,
                        "endOffset": 11957
                    }
                }
            },
            {
                "to": {
                    "startLine": 170,
                    "startColumn": 4,
                    "startOffset": 12640,
                    "endLine": 172,
                    "endColumn": 12,
                    "endOffset": 12818
                },
                "from": {
                    "file": "E:\\Android Studio\\meeto\\NewWoffice\\app\\build\\intermediates\\exploded-aar\\com.android.support\\appcompat-v7\\23.4.0\\res\\values-v21\\values-v21.xml",
                    "position": {
                        "startLine": 157,
                        "startColumn": 4,
                        "startOffset": 11962,
                        "endLine": 159,
                        "endColumn": 12,
                        "endOffset": 12140
                    }
                }
            },
            {
                "to": {
                    "startLine": 173,
                    "startColumn": 4,
                    "startOffset": 12823,
                    "endLine": 174,
                    "endColumn": 12,
                    "endOffset": 12949
                },
                "from": {
                    "file": "E:\\Android Studio\\meeto\\NewWoffice\\app\\build\\intermediates\\exploded-aar\\com.android.support\\appcompat-v7\\23.4.0\\res\\values-v21\\values-v21.xml",
                    "position": {
                        "startLine": 160,
                        "startColumn": 4,
                        "startOffset": 12145,
                        "endLine": 161,
                        "endColumn": 12,
                        "endOffset": 12271
                    }
                }
            },
            {
                "to": {
                    "startLine": 175,
                    "startColumn": 4,
                    "startOffset": 12954,
                    "endLine": 177,
                    "endColumn": 12,
                    "endOffset": 13150
                },
                "from": {
                    "file": "E:\\Android Studio\\meeto\\NewWoffice\\app\\build\\intermediates\\exploded-aar\\com.android.support\\appcompat-v7\\23.4.0\\res\\values-v21\\values-v21.xml",
                    "position": {
                        "startLine": 162,
                        "startColumn": 4,
                        "startOffset": 12276,
                        "endLine": 164,
                        "endColumn": 12,
                        "endOffset": 12472
                    }
                }
            },
            {
                "to": {
                    "startLine": 178,
                    "startColumn": 4,
                    "startOffset": 13155,
                    "endColumn": 88,
                    "endOffset": 13239
                },
                "from": {
                    "file": "E:\\Android Studio\\meeto\\NewWoffice\\app\\build\\intermediates\\exploded-aar\\com.android.support\\appcompat-v7\\23.4.0\\res\\values-v21\\values-v21.xml",
                    "position": {
                        "startLine": 165,
                        "startColumn": 4,
                        "startOffset": 12477,
                        "endColumn": 88,
                        "endOffset": 12561
                    }
                }
            },
            {
                "to": {
                    "startLine": 179,
                    "startColumn": 4,
                    "startOffset": 13244,
                    "endColumn": 110,
                    "endOffset": 13350
                },
                "from": {
                    "file": "E:\\Android Studio\\meeto\\NewWoffice\\app\\build\\intermediates\\exploded-aar\\com.android.support\\appcompat-v7\\23.4.0\\res\\values-v21\\values-v21.xml",
                    "position": {
                        "startLine": 166,
                        "startColumn": 4,
                        "startOffset": 12566,
                        "endColumn": 110,
                        "endOffset": 12672
                    }
                }
            },
            {
                "to": {
                    "startLine": 180,
                    "startColumn": 4,
                    "startOffset": 13355,
                    "endColumn": 126,
                    "endOffset": 13477
                },
                "from": {
                    "file": "E:\\Android Studio\\meeto\\NewWoffice\\app\\build\\intermediates\\exploded-aar\\com.android.support\\appcompat-v7\\23.4.0\\res\\values-v21\\values-v21.xml",
                    "position": {
                        "startLine": 167,
                        "startColumn": 4,
                        "startOffset": 12677,
                        "endColumn": 126,
                        "endOffset": 12799
                    }
                }
            },
            {
                "to": {
                    "startLine": 181,
                    "startColumn": 4,
                    "startOffset": 13482,
                    "endColumn": 100,
                    "endOffset": 13578
                },
                "from": {
                    "file": "E:\\Android Studio\\meeto\\NewWoffice\\app\\build\\intermediates\\exploded-aar\\com.android.support\\appcompat-v7\\23.4.0\\res\\values-v21\\values-v21.xml",
                    "position": {
                        "startLine": 168,
                        "startColumn": 4,
                        "startOffset": 12804,
                        "endColumn": 100,
                        "endOffset": 12900
                    }
                }
            },
            {
                "to": {
                    "startLine": 182,
                    "startColumn": 4,
                    "startOffset": 13583,
                    "endColumn": 94,
                    "endOffset": 13673
                },
                "from": {
                    "file": "E:\\Android Studio\\meeto\\NewWoffice\\app\\build\\intermediates\\exploded-aar\\com.android.support\\appcompat-v7\\23.4.0\\res\\values-v21\\values-v21.xml",
                    "position": {
                        "startLine": 169,
                        "startColumn": 4,
                        "startOffset": 12905,
                        "endColumn": 94,
                        "endOffset": 12995
                    }
                }
            },
            {
                "to": {
                    "startLine": 183,
                    "startColumn": 4,
                    "startOffset": 13678,
                    "endColumn": 122,
                    "endOffset": 13796
                },
                "from": {
                    "file": "E:\\Android Studio\\meeto\\NewWoffice\\app\\build\\intermediates\\exploded-aar\\com.android.support\\appcompat-v7\\23.4.0\\res\\values-v21\\values-v21.xml",
                    "position": {
                        "startLine": 170,
                        "startColumn": 4,
                        "startOffset": 13000,
                        "endColumn": 122,
                        "endOffset": 13118
                    }
                }
            },
            {
                "to": {
                    "startLine": 184,
                    "startColumn": 4,
                    "startOffset": 13801,
                    "endColumn": 128,
                    "endOffset": 13925
                },
                "from": {
                    "file": "E:\\Android Studio\\meeto\\NewWoffice\\app\\build\\intermediates\\exploded-aar\\com.android.support\\appcompat-v7\\23.4.0\\res\\values-v21\\values-v21.xml",
                    "position": {
                        "startLine": 171,
                        "startColumn": 4,
                        "startOffset": 13123,
                        "endColumn": 128,
                        "endOffset": 13247
                    }
                }
            },
            {
                "to": {
                    "startLine": 185,
                    "startColumn": 4,
                    "startOffset": 13930,
                    "endColumn": 116,
                    "endOffset": 14042
                },
                "from": {
                    "file": "E:\\Android Studio\\meeto\\NewWoffice\\app\\build\\intermediates\\exploded-aar\\com.android.support\\appcompat-v7\\23.4.0\\res\\values-v21\\values-v21.xml",
                    "position": {
                        "startLine": 172,
                        "startColumn": 4,
                        "startOffset": 13252,
                        "endColumn": 116,
                        "endOffset": 13364
                    }
                }
            },
            {
                "to": {
                    "startLine": 186,
                    "startColumn": 4,
                    "startOffset": 14047,
                    "endLine": 188,
                    "endColumn": 12,
                    "endOffset": 14219
                },
                "from": {
                    "file": "E:\\Android Studio\\meeto\\NewWoffice\\app\\build\\intermediates\\exploded-aar\\com.android.support\\appcompat-v7\\23.4.0\\res\\values-v21\\values-v21.xml",
                    "position": {
                        "startLine": 173,
                        "startColumn": 4,
                        "startOffset": 13369,
                        "endLine": 175,
                        "endColumn": 12,
                        "endOffset": 13541
                    }
                }
            },
            {
                "to": {
                    "startLine": 189,
                    "startColumn": 4,
                    "startOffset": 14224,
                    "endColumn": 98,
                    "endOffset": 14318
                },
                "from": {
                    "file": "E:\\Android Studio\\meeto\\NewWoffice\\app\\build\\intermediates\\exploded-aar\\com.android.support\\appcompat-v7\\23.4.0\\res\\values-v21\\values-v21.xml",
                    "position": {
                        "startLine": 176,
                        "startColumn": 4,
                        "startOffset": 13546,
                        "endColumn": 98,
                        "endOffset": 13640
                    }
                }
            },
            {
                "to": {
                    "startLine": 190,
                    "startColumn": 4,
                    "startOffset": 14323,
                    "endLine": 191,
                    "endColumn": 12,
                    "endOffset": 14453
                },
                "from": {
                    "file": "E:\\Android Studio\\meeto\\NewWoffice\\app\\build\\intermediates\\exploded-aar\\com.android.support\\appcompat-v7\\23.4.0\\res\\values-v21\\values-v21.xml",
                    "position": {
                        "startLine": 177,
                        "startColumn": 4,
                        "startOffset": 13645,
                        "endLine": 178,
                        "endColumn": 12,
                        "endOffset": 13775
                    }
                }
            },
            {
                "to": {
                    "startLine": 192,
                    "startColumn": 4,
                    "startOffset": 14458,
                    "endLine": 193,
                    "endColumn": 12,
                    "endOffset": 14596
                },
                "from": {
                    "file": "E:\\Android Studio\\meeto\\NewWoffice\\app\\build\\intermediates\\exploded-aar\\com.android.support\\appcompat-v7\\23.4.0\\res\\values-v21\\values-v21.xml",
                    "position": {
                        "startLine": 179,
                        "startColumn": 4,
                        "startOffset": 13780,
                        "endLine": 180,
                        "endColumn": 12,
                        "endOffset": 13918
                    }
                }
            },
            {
                "to": {
                    "startLine": 194,
                    "startColumn": 4,
                    "startOffset": 14601,
                    "endLine": 195,
                    "endColumn": 12,
                    "endOffset": 14731
                },
                "from": {
                    "file": "E:\\Android Studio\\meeto\\NewWoffice\\app\\build\\intermediates\\exploded-aar\\com.android.support\\appcompat-v7\\23.4.0\\res\\values-v21\\values-v21.xml",
                    "position": {
                        "startLine": 181,
                        "startColumn": 4,
                        "startOffset": 13923,
                        "endLine": 182,
                        "endColumn": 12,
                        "endOffset": 14053
                    }
                }
            },
            {
                "to": {
                    "startLine": 196,
                    "startColumn": 4,
                    "startOffset": 14736,
                    "endLine": 197,
                    "endColumn": 12,
                    "endOffset": 14850
                },
                "from": {
                    "file": "E:\\Android Studio\\meeto\\NewWoffice\\app\\build\\intermediates\\exploded-aar\\com.android.support\\appcompat-v7\\23.4.0\\res\\values-v21\\values-v21.xml",
                    "position": {
                        "startLine": 183,
                        "startColumn": 4,
                        "startOffset": 14058,
                        "endLine": 184,
                        "endColumn": 12,
                        "endOffset": 14172
                    }
                }
            },
            {
                "to": {
                    "startLine": 198,
                    "startColumn": 4,
                    "startOffset": 14855,
                    "endLine": 201,
                    "endColumn": 12,
                    "endOffset": 15051
                },
                "from": {
                    "file": "E:\\Android Studio\\meeto\\NewWoffice\\app\\build\\intermediates\\exploded-aar\\com.android.support\\appcompat-v7\\23.4.0\\res\\values-v21\\values-v21.xml",
                    "position": {
                        "startLine": 185,
                        "startColumn": 4,
                        "startOffset": 14177,
                        "endLine": 188,
                        "endColumn": 12,
                        "endOffset": 14373
                    }
                }
            },
            {
                "to": {
                    "startLine": 202,
                    "startColumn": 4,
                    "startOffset": 15056,
                    "endLine": 203,
                    "endColumn": 12,
                    "endOffset": 15170
                },
                "from": {
                    "file": "E:\\Android Studio\\meeto\\NewWoffice\\app\\build\\intermediates\\exploded-aar\\com.android.support\\appcompat-v7\\23.4.0\\res\\values-v21\\values-v21.xml",
                    "position": {
                        "startLine": 189,
                        "startColumn": 4,
                        "startOffset": 14378,
                        "endLine": 190,
                        "endColumn": 12,
                        "endOffset": 14492
                    }
                }
            },
            {
                "to": {
                    "startLine": 204,
                    "startColumn": 4,
                    "startOffset": 15175,
                    "endColumn": 92,
                    "endOffset": 15263
                },
                "from": {
                    "file": "E:\\Android Studio\\meeto\\NewWoffice\\app\\build\\intermediates\\exploded-aar\\com.android.support\\appcompat-v7\\23.4.0\\res\\values-v21\\values-v21.xml",
                    "position": {
                        "startLine": 191,
                        "startColumn": 4,
                        "startOffset": 14497,
                        "endColumn": 92,
                        "endOffset": 14585
                    }
                }
            },
            {
                "to": {
                    "startLine": 205,
                    "startColumn": 4,
                    "startOffset": 15268,
                    "endColumn": 110,
                    "endOffset": 15374
                },
                "from": {
                    "file": "E:\\Android Studio\\meeto\\NewWoffice\\app\\build\\intermediates\\exploded-aar\\com.android.support\\appcompat-v7\\23.4.0\\res\\values-v21\\values-v21.xml",
                    "position": {
                        "startLine": 192,
                        "startColumn": 4,
                        "startOffset": 14590,
                        "endColumn": 110,
                        "endOffset": 14696
                    }
                }
            },
            {
                "to": {
                    "startLine": 206,
                    "startColumn": 4,
                    "startOffset": 15379,
                    "endColumn": 55,
                    "endOffset": 15430
                },
                "from": {
                    "file": "E:\\Android Studio\\meeto\\NewWoffice\\app\\build\\intermediates\\exploded-aar\\com.android.support\\appcompat-v7\\23.4.0\\res\\values-v21\\values-v21.xml",
                    "position": {
                        "startLine": 193,
                        "startColumn": 4,
                        "startOffset": 14701,
                        "endColumn": 55,
                        "endOffset": 14752
                    }
                }
            },
            {
                "to": {
                    "startLine": 207,
                    "startColumn": 4,
                    "startOffset": 15435,
                    "endLine": 208,
                    "endColumn": 12,
                    "endOffset": 15537
                },
                "from": {
                    "file": "E:\\Android Studio\\meeto\\NewWoffice\\app\\build\\intermediates\\exploded-aar\\com.android.support\\appcompat-v7\\23.4.0\\res\\values-v21\\values-v21.xml",
                    "position": {
                        "startLine": 194,
                        "startColumn": 4,
                        "startOffset": 14757,
                        "endLine": 195,
                        "endColumn": 12,
                        "endOffset": 14859
                    }
                }
            },
            {
                "to": {
                    "startLine": 209,
                    "startColumn": 4,
                    "startOffset": 15542,
                    "endLine": 212,
                    "endColumn": 12,
                    "endOffset": 15732
                },
                "from": {
                    "file": "E:\\Android Studio\\meeto\\NewWoffice\\app\\build\\intermediates\\exploded-aar\\com.android.support\\appcompat-v7\\23.4.0\\res\\values-v21\\values-v21.xml",
                    "position": {
                        "startLine": 196,
                        "startColumn": 4,
                        "startOffset": 14864,
                        "endLine": 199,
                        "endColumn": 12,
                        "endOffset": 15054
                    }
                }
            },
            {
                "to": {
                    "startLine": 213,
                    "startColumn": 4,
                    "startOffset": 15737,
                    "endLine": 214,
                    "endColumn": 12,
                    "endOffset": 15843
                },
                "from": {
                    "file": "E:\\Android Studio\\meeto\\NewWoffice\\app\\build\\intermediates\\exploded-aar\\com.android.support\\appcompat-v7\\23.4.0\\res\\values-v21\\values-v21.xml",
                    "position": {
                        "startLine": 200,
                        "startColumn": 4,
                        "startOffset": 15059,
                        "endLine": 201,
                        "endColumn": 12,
                        "endOffset": 15165
                    }
                }
            },
            {
                "to": {
                    "startLine": 215,
                    "startColumn": 4,
                    "startOffset": 15848,
                    "endLine": 216,
                    "endColumn": 12,
                    "endOffset": 15976
                },
                "from": {
                    "file": "E:\\Android Studio\\meeto\\NewWoffice\\app\\build\\intermediates\\exploded-aar\\com.android.support\\appcompat-v7\\23.4.0\\res\\values-v21\\values-v21.xml",
                    "position": {
                        "startLine": 202,
                        "startColumn": 4,
                        "startOffset": 15170,
                        "endLine": 203,
                        "endColumn": 12,
                        "endOffset": 15298
                    }
                }
            },
            {
                "to": {
                    "startLine": 217,
                    "startColumn": 4,
                    "startOffset": 15981,
                    "endColumn": 94,
                    "endOffset": 16071
                },
                "from": {
                    "file": "E:\\Android Studio\\meeto\\NewWoffice\\app\\build\\intermediates\\exploded-aar\\com.android.support\\appcompat-v7\\23.4.0\\res\\values-v21\\values-v21.xml",
                    "position": {
                        "startLine": 204,
                        "startColumn": 4,
                        "startOffset": 15303,
                        "endColumn": 94,
                        "endOffset": 15393
                    }
                }
            },
            {
                "to": {
                    "startLine": 218,
                    "startColumn": 4,
                    "startOffset": 16076,
                    "endColumn": 90,
                    "endOffset": 16162
                },
                "from": {
                    "file": "E:\\Android Studio\\meeto\\NewWoffice\\app\\build\\intermediates\\exploded-aar\\com.android.support\\appcompat-v7\\23.4.0\\res\\values-v21\\values-v21.xml",
                    "position": {
                        "startLine": 205,
                        "startColumn": 4,
                        "startOffset": 15398,
                        "endColumn": 90,
                        "endOffset": 15484
                    }
                }
            },
            {
                "to": {
                    "startLine": 219,
                    "startColumn": 4,
                    "startOffset": 16167,
                    "endColumn": 90,
                    "endOffset": 16253
                },
                "from": {
                    "file": "E:\\Android Studio\\meeto\\NewWoffice\\app\\build\\intermediates\\exploded-aar\\com.android.support\\appcompat-v7\\23.4.0\\res\\values-v21\\values-v21.xml",
                    "position": {
                        "startLine": 206,
                        "startColumn": 4,
                        "startOffset": 15489,
                        "endColumn": 90,
                        "endOffset": 15575
                    }
                }
            },
            {
                "to": {
                    "startLine": 220,
                    "startColumn": 4,
                    "startOffset": 16258,
                    "endColumn": 116,
                    "endOffset": 16370
                },
                "from": {
                    "file": "E:\\Android Studio\\meeto\\NewWoffice\\app\\build\\intermediates\\exploded-aar\\com.android.support\\appcompat-v7\\23.4.0\\res\\values-v21\\values-v21.xml",
                    "position": {
                        "startLine": 207,
                        "startColumn": 4,
                        "startOffset": 15580,
                        "endColumn": 116,
                        "endOffset": 15692
                    }
                }
            },
            {
                "to": {
                    "startLine": 221,
                    "startColumn": 4,
                    "startOffset": 16375,
                    "endLine": 222,
                    "endColumn": 12,
                    "endOffset": 16509
                },
                "from": {
                    "file": "E:\\Android Studio\\meeto\\NewWoffice\\app\\build\\intermediates\\exploded-aar\\com.android.support\\appcompat-v7\\23.4.0\\res\\values-v21\\values-v21.xml",
                    "position": {
                        "startLine": 208,
                        "startColumn": 4,
                        "startOffset": 15697,
                        "endLine": 209,
                        "endColumn": 12,
                        "endOffset": 15831
                    }
                }
            },
            {
                "to": {
                    "startLine": 223,
                    "startColumn": 4,
                    "startOffset": 16514,
                    "endLine": 232,
                    "endColumn": 12,
                    "endOffset": 17022
                },
                "from": {
                    "file": "E:\\Android Studio\\meeto\\NewWoffice\\app\\build\\intermediates\\exploded-aar\\com.android.support\\appcompat-v7\\23.4.0\\res\\values-v21\\values-v21.xml",
                    "position": {
                        "startLine": 210,
                        "startColumn": 4,
                        "startOffset": 15836,
                        "endLine": 219,
                        "endColumn": 12,
                        "endOffset": 16344
                    }
                }
            },
            {
                "to": {
                    "startLine": 233,
                    "startColumn": 4,
                    "startOffset": 17027,
                    "endLine": 242,
                    "endColumn": 12,
                    "endOffset": 17547
                },
                "from": {
                    "file": "E:\\Android Studio\\meeto\\NewWoffice\\app\\build\\intermediates\\exploded-aar\\com.android.support\\appcompat-v7\\23.4.0\\res\\values-v21\\values-v21.xml",
                    "position": {
                        "startLine": 220,
                        "startColumn": 4,
                        "startOffset": 16349,
                        "endLine": 229,
                        "endColumn": 12,
                        "endOffset": 16869
                    }
                }
            },
            {
                "to": {
                    "startLine": 243,
                    "startColumn": 4,
                    "startOffset": 17552,
                    "endLine": 252,
                    "endColumn": 12,
                    "endOffset": 18227
                },
                "from": {
                    "file": "E:\\Android Studio\\meeto\\NewWoffice\\app\\build\\intermediates\\exploded-aar\\com.android.support\\appcompat-v7\\23.4.0\\res\\values-v21\\values-v21.xml",
                    "position": {
                        "startLine": 230,
                        "startColumn": 4,
                        "startOffset": 16874,
                        "endLine": 239,
                        "endColumn": 12,
                        "endOffset": 17549
                    }
                }
            },
            {
                "to": {
                    "startLine": 253,
                    "startColumn": 4,
                    "startOffset": 18232,
                    "endColumn": 56,
                    "endOffset": 18284
                },
                "from": {
                    "file": "E:\\Android Studio\\meeto\\NewWoffice\\app\\build\\intermediates\\exploded-aar\\com.android.support\\appcompat-v7\\23.4.0\\res\\values-v21\\values-v21.xml",
                    "position": {
                        "startLine": 240,
                        "startColumn": 4,
                        "startOffset": 17554,
                        "endColumn": 56,
                        "endOffset": 17606
                    }
                }
            },
            {
                "to": {
                    "startLine": 254,
                    "startColumn": 4,
                    "startOffset": 18289,
                    "endColumn": 57,
                    "endOffset": 18342
                },
                "from": {
                    "file": "E:\\Android Studio\\meeto\\NewWoffice\\app\\build\\intermediates\\exploded-aar\\com.android.support\\appcompat-v7\\23.4.0\\res\\values-v21\\values-v21.xml",
                    "position": {
                        "startLine": 241,
                        "startColumn": 4,
                        "startOffset": 17611,
                        "endColumn": 57,
                        "endOffset": 17664
                    }
                }
            }
        ]
    }
]