[
    {
        "outputFile": "E:\\Android Studio\\meeto\\NewWoffice\\app\\build\\intermediates\\incremental\\mergeDebugResources\\merged.dir\\values-w270dp-h560dp-v13\\values-w270dp-h560dp-v13.xml",
        "map": [
            {
                "to": {
                    "startLine": 2,
                    "startColumn": 4,
                    "startOffset": 55,
                    "endColumn": 68,
                    "endOffset": 119
                },
                "from": {
                    "file": "E:\\Android Studio\\meeto\\NewWoffice\\app\\build\\intermediates\\exploded-aar\\com.wdullaer\\materialdatetimepicker\\2.3.0\\res\\values-w270dp-h560dp\\values-w270dp-h560dp.xml",
                    "position": {
                        "startLine": 4,
                        "startColumn": 4,
                        "startOffset": 223,
                        "endColumn": 68,
                        "endOffset": 287
                    }
                }
            },
            {
                "to": {
                    "startLine": 3,
                    "startColumn": 4,
                    "startOffset": 124,
                    "endColumn": 59,
                    "endOffset": 179
                },
                "from": {
                    "file": "E:\\Android Studio\\meeto\\NewWoffice\\app\\build\\intermediates\\exploded-aar\\com.wdullaer\\materialdatetimepicker\\2.3.0\\res\\values-w270dp-h560dp\\values-w270dp-h560dp.xml",
                    "position": {
                        "startLine": 5,
                        "startColumn": 4,
                        "startOffset": 292,
                        "endColumn": 59,
                        "endOffset": 347
                    }
                }
            },
            {
                "to": {
                    "startLine": 4,
                    "startColumn": 4,
                    "startOffset": 184,
                    "endColumn": 57,
                    "endOffset": 237
                },
                "from": {
                    "file": "E:\\Android Studio\\meeto\\NewWoffice\\app\\build\\intermediates\\exploded-aar\\com.wdullaer\\materialdatetimepicker\\2.3.0\\res\\values-w270dp-h560dp\\values-w270dp-h560dp.xml",
                    "position": {
                        "startLine": 6,
                        "startColumn": 4,
                        "startOffset": 352,
                        "endColumn": 57,
                        "endOffset": 405
                    }
                }
            },
            {
                "to": {
                    "startLine": 5,
                    "startColumn": 4,
                    "startOffset": 242,
                    "endColumn": 60,
                    "endOffset": 298
                },
                "from": {
                    "file": "E:\\Android Studio\\meeto\\NewWoffice\\app\\build\\intermediates\\exploded-aar\\com.wdullaer\\materialdatetimepicker\\2.3.0\\res\\values-w270dp-h560dp\\values-w270dp-h560dp.xml",
                    "position": {
                        "startLine": 7,
                        "startColumn": 4,
                        "startOffset": 410,
                        "endColumn": 60,
                        "endOffset": 466
                    }
                }
            },
            {
                "to": {
                    "startLine": 6,
                    "startColumn": 4,
                    "startOffset": 303,
                    "endColumn": 59,
                    "endOffset": 358
                },
                "from": {
                    "file": "E:\\Android Studio\\meeto\\NewWoffice\\app\\build\\intermediates\\exploded-aar\\com.wdullaer\\materialdatetimepicker\\2.3.0\\res\\values-w270dp-h560dp\\values-w270dp-h560dp.xml",
                    "position": {
                        "startLine": 8,
                        "startColumn": 4,
                        "startOffset": 471,
                        "endColumn": 59,
                        "endOffset": 526
                    }
                }
            }
        ]
    }
]