[
    {
        "outputFile": "E:\\Android Studio\\meeto\\NewWoffice\\app\\build\\intermediates\\incremental\\mergeDebugResources\\merged.dir\\values-ur-rPK\\values-ur-rPK.xml",
        "map": [
            {
                "to": {
                    "startLine": 2,
                    "startColumn": 4,
                    "startOffset": 105,
                    "endColumn": 109,
                    "endOffset": 210
                },
                "from": {
                    "file": "E:\\Android Studio\\meeto\\NewWoffice\\app\\build\\intermediates\\exploded-aar\\com.android.support\\appcompat-v7\\23.4.0\\res\\values-ur-rPK\\values-ur-rPK.xml",
                    "position": {
                        "startLine": 2,
                        "startColumn": 4,
                        "startOffset": 55,
                        "endColumn": 109,
                        "endOffset": 160
                    }
                }
            },
            {
                "to": {
                    "startLine": 3,
                    "startColumn": 4,
                    "startOffset": 215,
                    "endColumn": 107,
                    "endOffset": 318
                },
                "from": {
                    "file": "E:\\Android Studio\\meeto\\NewWoffice\\app\\build\\intermediates\\exploded-aar\\com.android.support\\appcompat-v7\\23.4.0\\res\\values-ur-rPK\\values-ur-rPK.xml",
                    "position": {
                        "startLine": 3,
                        "startColumn": 4,
                        "startOffset": 165,
                        "endColumn": 107,
                        "endOffset": 268
                    }
                }
            },
            {
                "to": {
                    "startLine": 4,
                    "startColumn": 4,
                    "startOffset": 323,
                    "endColumn": 122,
                    "endOffset": 441
                },
                "from": {
                    "file": "E:\\Android Studio\\meeto\\NewWoffice\\app\\build\\intermediates\\exploded-aar\\com.android.support\\appcompat-v7\\23.4.0\\res\\values-ur-rPK\\values-ur-rPK.xml",
                    "position": {
                        "startLine": 4,
                        "startColumn": 4,
                        "startOffset": 273,
                        "endColumn": 122,
                        "endOffset": 391
                    }
                }
            },
            {
                "to": {
                    "startLine": 5,
                    "startColumn": 4,
                    "startOffset": 446,
                    "endColumn": 105,
                    "endOffset": 547
                },
                "from": {
                    "file": "E:\\Android Studio\\meeto\\NewWoffice\\app\\build\\intermediates\\exploded-aar\\com.android.support\\appcompat-v7\\23.4.0\\res\\values-ur-rPK\\values-ur-rPK.xml",
                    "position": {
                        "startLine": 5,
                        "startColumn": 4,
                        "startOffset": 396,
                        "endColumn": 105,
                        "endOffset": 497
                    }
                }
            },
            {
                "to": {
                    "startLine": 6,
                    "startColumn": 4,
                    "startOffset": 552,
                    "endColumn": 108,
                    "endOffset": 656
                },
                "from": {
                    "file": "E:\\Android Studio\\meeto\\NewWoffice\\app\\build\\intermediates\\exploded-aar\\com.android.support\\appcompat-v7\\23.4.0\\res\\values-ur-rPK\\values-ur-rPK.xml",
                    "position": {
                        "startLine": 6,
                        "startColumn": 4,
                        "startOffset": 502,
                        "endColumn": 108,
                        "endOffset": 606
                    }
                }
            },
            {
                "to": {
                    "startLine": 7,
                    "startColumn": 4,
                    "startOffset": 661,
                    "endColumn": 85,
                    "endOffset": 742
                },
                "from": {
                    "file": "E:\\Android Studio\\meeto\\NewWoffice\\app\\build\\intermediates\\exploded-aar\\com.android.support\\appcompat-v7\\23.4.0\\res\\values-ur-rPK\\values-ur-rPK.xml",
                    "position": {
                        "startLine": 7,
                        "startColumn": 4,
                        "startOffset": 611,
                        "endColumn": 85,
                        "endOffset": 692
                    }
                }
            },
            {
                "to": {
                    "startLine": 8,
                    "startColumn": 4,
                    "startOffset": 747,
                    "endColumn": 103,
                    "endOffset": 846
                },
                "from": {
                    "file": "E:\\Android Studio\\meeto\\NewWoffice\\app\\build\\intermediates\\exploded-aar\\com.android.support\\appcompat-v7\\23.4.0\\res\\values-ur-rPK\\values-ur-rPK.xml",
                    "position": {
                        "startLine": 8,
                        "startColumn": 4,
                        "startOffset": 697,
                        "endColumn": 103,
                        "endOffset": 796
                    }
                }
            },
            {
                "to": {
                    "startLine": 9,
                    "startColumn": 4,
                    "startOffset": 851,
                    "endColumn": 119,
                    "endOffset": 966
                },
                "from": {
                    "file": "E:\\Android Studio\\meeto\\NewWoffice\\app\\build\\intermediates\\exploded-aar\\com.android.support\\appcompat-v7\\23.4.0\\res\\values-ur-rPK\\values-ur-rPK.xml",
                    "position": {
                        "startLine": 9,
                        "startColumn": 4,
                        "startOffset": 801,
                        "endColumn": 119,
                        "endOffset": 916
                    }
                }
            },
            {
                "to": {
                    "startLine": 10,
                    "startColumn": 4,
                    "startOffset": 971,
                    "endColumn": 75,
                    "endOffset": 1042
                },
                "from": {
                    "file": "E:\\Android Studio\\meeto\\NewWoffice\\app\\build\\intermediates\\exploded-aar\\com.android.support\\appcompat-v7\\23.4.0\\res\\values-ur-rPK\\values-ur-rPK.xml",
                    "position": {
                        "startLine": 10,
                        "startColumn": 4,
                        "startOffset": 921,
                        "endColumn": 75,
                        "endOffset": 992
                    }
                }
            },
            {
                "to": {
                    "startLine": 11,
                    "startColumn": 4,
                    "startOffset": 1047,
                    "endColumn": 75,
                    "endOffset": 1118
                },
                "from": {
                    "file": "E:\\Android Studio\\meeto\\NewWoffice\\app\\build\\intermediates\\exploded-aar\\com.android.support\\appcompat-v7\\23.4.0\\res\\values-ur-rPK\\values-ur-rPK.xml",
                    "position": {
                        "startLine": 11,
                        "startColumn": 4,
                        "startOffset": 997,
                        "endColumn": 75,
                        "endOffset": 1068
                    }
                }
            },
            {
                "to": {
                    "startLine": 12,
                    "startColumn": 4,
                    "startOffset": 1123,
                    "endColumn": 84,
                    "endOffset": 1203
                },
                "from": {
                    "file": "E:\\Android Studio\\meeto\\NewWoffice\\app\\build\\intermediates\\exploded-aar\\com.android.support\\appcompat-v7\\23.4.0\\res\\values-ur-rPK\\values-ur-rPK.xml",
                    "position": {
                        "startLine": 12,
                        "startColumn": 4,
                        "startOffset": 1073,
                        "endColumn": 84,
                        "endOffset": 1153
                    }
                }
            },
            {
                "to": {
                    "startLine": 13,
                    "startColumn": 4,
                    "startOffset": 1208,
                    "endColumn": 107,
                    "endOffset": 1311
                },
                "from": {
                    "file": "E:\\Android Studio\\meeto\\NewWoffice\\app\\build\\intermediates\\exploded-aar\\com.android.support\\appcompat-v7\\23.4.0\\res\\values-ur-rPK\\values-ur-rPK.xml",
                    "position": {
                        "startLine": 13,
                        "startColumn": 4,
                        "startOffset": 1158,
                        "endColumn": 107,
                        "endOffset": 1261
                    }
                }
            },
            {
                "to": {
                    "startLine": 14,
                    "startColumn": 4,
                    "startOffset": 1316,
                    "endColumn": 108,
                    "endOffset": 1420
                },
                "from": {
                    "file": "E:\\Android Studio\\meeto\\NewWoffice\\app\\build\\intermediates\\exploded-aar\\com.android.support\\appcompat-v7\\23.4.0\\res\\values-ur-rPK\\values-ur-rPK.xml",
                    "position": {
                        "startLine": 14,
                        "startColumn": 4,
                        "startOffset": 1266,
                        "endColumn": 108,
                        "endOffset": 1370
                    }
                }
            },
            {
                "to": {
                    "startLine": 15,
                    "startColumn": 4,
                    "startOffset": 1425,
                    "endColumn": 101,
                    "endOffset": 1522
                },
                "from": {
                    "file": "E:\\Android Studio\\meeto\\NewWoffice\\app\\build\\intermediates\\exploded-aar\\com.android.support\\appcompat-v7\\23.4.0\\res\\values-ur-rPK\\values-ur-rPK.xml",
                    "position": {
                        "startLine": 15,
                        "startColumn": 4,
                        "startOffset": 1375,
                        "endColumn": 101,
                        "endOffset": 1472
                    }
                }
            },
            {
                "to": {
                    "startLine": 16,
                    "startColumn": 4,
                    "startOffset": 1527,
                    "endColumn": 110,
                    "endOffset": 1633
                },
                "from": {
                    "file": "E:\\Android Studio\\meeto\\NewWoffice\\app\\build\\intermediates\\exploded-aar\\com.android.support\\appcompat-v7\\23.4.0\\res\\values-ur-rPK\\values-ur-rPK.xml",
                    "position": {
                        "startLine": 16,
                        "startColumn": 4,
                        "startOffset": 1477,
                        "endColumn": 110,
                        "endOffset": 1583
                    }
                }
            },
            {
                "to": {
                    "startLine": 17,
                    "startColumn": 4,
                    "startOffset": 1638,
                    "endColumn": 99,
                    "endOffset": 1733
                },
                "from": {
                    "file": "E:\\Android Studio\\meeto\\NewWoffice\\app\\build\\intermediates\\exploded-aar\\com.android.support\\appcompat-v7\\23.4.0\\res\\values-ur-rPK\\values-ur-rPK.xml",
                    "position": {
                        "startLine": 17,
                        "startColumn": 4,
                        "startOffset": 1588,
                        "endColumn": 99,
                        "endOffset": 1683
                    }
                }
            },
            {
                "to": {
                    "startLine": 18,
                    "startColumn": 4,
                    "startOffset": 1738,
                    "endColumn": 107,
                    "endOffset": 1841
                },
                "from": {
                    "file": "E:\\Android Studio\\meeto\\NewWoffice\\app\\build\\intermediates\\exploded-aar\\com.android.support\\appcompat-v7\\23.4.0\\res\\values-ur-rPK\\values-ur-rPK.xml",
                    "position": {
                        "startLine": 18,
                        "startColumn": 4,
                        "startOffset": 1688,
                        "endColumn": 107,
                        "endOffset": 1791
                    }
                }
            },
            {
                "to": {
                    "startLine": 19,
                    "startColumn": 4,
                    "startOffset": 1846,
                    "endColumn": 128,
                    "endOffset": 1970
                },
                "from": {
                    "file": "E:\\Android Studio\\meeto\\NewWoffice\\app\\build\\intermediates\\exploded-aar\\com.android.support\\appcompat-v7\\23.4.0\\res\\values-ur-rPK\\values-ur-rPK.xml",
                    "position": {
                        "startLine": 19,
                        "startColumn": 4,
                        "startOffset": 1796,
                        "endColumn": 128,
                        "endOffset": 1920
                    }
                }
            },
            {
                "to": {
                    "startLine": 20,
                    "startColumn": 4,
                    "startOffset": 1975,
                    "endColumn": 97,
                    "endOffset": 2068
                },
                "from": {
                    "file": "E:\\Android Studio\\meeto\\NewWoffice\\app\\build\\intermediates\\exploded-aar\\com.android.support\\appcompat-v7\\23.4.0\\res\\values-ur-rPK\\values-ur-rPK.xml",
                    "position": {
                        "startLine": 20,
                        "startColumn": 4,
                        "startOffset": 1925,
                        "endColumn": 97,
                        "endOffset": 2018
                    }
                }
            },
            {
                "to": {
                    "startLine": 21,
                    "startColumn": 4,
                    "startOffset": 2073,
                    "endColumn": 186,
                    "endOffset": 2255
                },
                "from": {
                    "file": "E:\\Android Studio\\meeto\\NewWoffice\\app\\build\\intermediates\\exploded-aar\\com.google.android.gms\\play-services-basement\\8.3.0\\res\\values-ur-rPK\\common_strings.xml",
                    "position": {
                        "startLine": 5,
                        "startColumn": 4,
                        "startOffset": 488,
                        "endColumn": 190,
                        "endOffset": 674
                    }
                }
            },
            {
                "to": {
                    "startLine": 22,
                    "startColumn": 4,
                    "startOffset": 2260,
                    "endColumn": 189,
                    "endOffset": 2445
                },
                "from": {
                    "file": "E:\\Android Studio\\meeto\\NewWoffice\\app\\build\\intermediates\\exploded-aar\\com.google.android.gms\\play-services-basement\\8.3.0\\res\\values-ur-rPK\\common_strings.xml",
                    "position": {
                        "startLine": 18,
                        "startColumn": 4,
                        "startOffset": 2632,
                        "endColumn": 193,
                        "endOffset": 2821
                    }
                }
            },
            {
                "to": {
                    "startLine": 23,
                    "startColumn": 4,
                    "startOffset": 2450,
                    "endColumn": 119,
                    "endOffset": 2565
                },
                "from": {
                    "file": "E:\\Android Studio\\meeto\\NewWoffice\\app\\build\\intermediates\\exploded-aar\\com.google.android.gms\\play-services-basement\\8.3.0\\res\\values-ur-rPK\\common_strings.xml",
                    "position": {
                        "startLine": 16,
                        "startColumn": 4,
                        "startOffset": 2305,
                        "endColumn": 119,
                        "endOffset": 2420
                    }
                }
            },
            {
                "to": {
                    "startLine": 24,
                    "startColumn": 4,
                    "startOffset": 2570,
                    "endColumn": 256,
                    "endOffset": 2822
                },
                "from": {
                    "file": "E:\\Android Studio\\meeto\\NewWoffice\\app\\build\\intermediates\\exploded-aar\\com.google.android.gms\\play-services-basement\\8.3.0\\res\\values-ur-rPK\\common_strings.xml",
                    "position": {
                        "startLine": 30,
                        "startColumn": 4,
                        "startOffset": 4499,
                        "endColumn": 260,
                        "endOffset": 4755
                    }
                }
            },
            {
                "to": {
                    "startLine": 25,
                    "startColumn": 4,
                    "startOffset": 2827,
                    "endColumn": 128,
                    "endOffset": 2951
                },
                "from": {
                    "file": "E:\\Android Studio\\meeto\\NewWoffice\\app\\build\\intermediates\\exploded-aar\\com.google.android.gms\\play-services-basement\\8.3.0\\res\\values-ur-rPK\\common_strings.xml",
                    "position": {
                        "startLine": 14,
                        "startColumn": 4,
                        "startOffset": 2046,
                        "endColumn": 128,
                        "endOffset": 2170
                    }
                }
            },
            {
                "to": {
                    "startLine": 26,
                    "startColumn": 4,
                    "startOffset": 2956,
                    "endColumn": 204,
                    "endOffset": 3156
                },
                "from": {
                    "file": "E:\\Android Studio\\meeto\\NewWoffice\\app\\build\\intermediates\\exploded-aar\\com.google.android.gms\\play-services-basement\\8.3.0\\res\\values-ur-rPK\\common_strings.xml",
                    "position": {
                        "startLine": 13,
                        "startColumn": 4,
                        "startOffset": 1837,
                        "endColumn": 208,
                        "endOffset": 2041
                    }
                }
            },
            {
                "to": {
                    "startLine": 27,
                    "startColumn": 4,
                    "startOffset": 3161,
                    "endColumn": 126,
                    "endOffset": 3283
                },
                "from": {
                    "file": "E:\\Android Studio\\meeto\\NewWoffice\\app\\build\\intermediates\\exploded-aar\\com.google.android.gms\\play-services-basement\\8.3.0\\res\\values-ur-rPK\\common_strings.xml",
                    "position": {
                        "startLine": 12,
                        "startColumn": 4,
                        "startOffset": 1710,
                        "endColumn": 126,
                        "endOffset": 1832
                    }
                }
            },
            {
                "to": {
                    "startLine": 28,
                    "startColumn": 4,
                    "startOffset": 3288,
                    "endColumn": 179,
                    "endOffset": 3463
                },
                "from": {
                    "file": "E:\\Android Studio\\meeto\\NewWoffice\\app\\build\\intermediates\\exploded-aar\\com.google.android.gms\\play-services-basement\\8.3.0\\res\\values-ur-rPK\\common_strings.xml",
                    "position": {
                        "startLine": 7,
                        "startColumn": 4,
                        "startOffset": 848,
                        "endColumn": 183,
                        "endOffset": 1027
                    }
                }
            },
            {
                "to": {
                    "startLine": 29,
                    "startColumn": 4,
                    "startOffset": 3468,
                    "endColumn": 129,
                    "endOffset": 3593
                },
                "from": {
                    "file": "E:\\Android Studio\\meeto\\NewWoffice\\app\\build\\intermediates\\exploded-aar\\com.google.android.gms\\play-services-basement\\8.3.0\\res\\values-ur-rPK\\common_strings.xml",
                    "position": {
                        "startLine": 11,
                        "startColumn": 4,
                        "startOffset": 1580,
                        "endColumn": 129,
                        "endOffset": 1705
                    }
                }
            },
            {
                "to": {
                    "startLine": 30,
                    "startColumn": 4,
                    "startOffset": 3598,
                    "endColumn": 204,
                    "endOffset": 3798
                },
                "from": {
                    "file": "E:\\Android Studio\\meeto\\NewWoffice\\app\\build\\intermediates\\exploded-aar\\com.google.android.gms\\play-services-basement\\8.3.0\\res\\values-ur-rPK\\common_strings.xml",
                    "position": {
                        "startLine": 9,
                        "startColumn": 4,
                        "startOffset": 1159,
                        "endColumn": 208,
                        "endOffset": 1363
                    }
                }
            },
            {
                "to": {
                    "startLine": 31,
                    "startColumn": 4,
                    "startOffset": 3803,
                    "endColumn": 207,
                    "endOffset": 4006
                },
                "from": {
                    "file": "E:\\Android Studio\\meeto\\NewWoffice\\app\\build\\intermediates\\exploded-aar\\com.google.android.gms\\play-services-basement\\8.3.0\\res\\values-ur-rPK\\common_strings.xml",
                    "position": {
                        "startLine": 10,
                        "startColumn": 4,
                        "startOffset": 1368,
                        "endColumn": 211,
                        "endOffset": 1575
                    }
                }
            },
            {
                "to": {
                    "startLine": 32,
                    "startColumn": 4,
                    "startOffset": 4011,
                    "endColumn": 126,
                    "endOffset": 4133
                },
                "from": {
                    "file": "E:\\Android Studio\\meeto\\NewWoffice\\app\\build\\intermediates\\exploded-aar\\com.google.android.gms\\play-services-basement\\8.3.0\\res\\values-ur-rPK\\common_strings.xml",
                    "position": {
                        "startLine": 8,
                        "startColumn": 4,
                        "startOffset": 1032,
                        "endColumn": 126,
                        "endOffset": 1154
                    }
                }
            },
            {
                "to": {
                    "startLine": 33,
                    "startColumn": 4,
                    "startOffset": 4138,
                    "endColumn": 182,
                    "endOffset": 4316
                },
                "from": {
                    "file": "E:\\Android Studio\\meeto\\NewWoffice\\app\\build\\intermediates\\exploded-aar\\com.google.android.gms\\play-services-basement\\8.3.0\\res\\values-ur-rPK\\common_strings.xml",
                    "position": {
                        "startLine": 24,
                        "startColumn": 4,
                        "startOffset": 3587,
                        "endColumn": 182,
                        "endOffset": 3765
                    }
                }
            },
            {
                "to": {
                    "startLine": 34,
                    "startColumn": 4,
                    "startOffset": 4321,
                    "endColumn": 118,
                    "endOffset": 4435
                },
                "from": {
                    "file": "E:\\Android Studio\\meeto\\NewWoffice\\app\\build\\intermediates\\exploded-aar\\com.google.android.gms\\play-services-basement\\8.3.0\\res\\values-ur-rPK\\common_strings.xml",
                    "position": {
                        "startLine": 23,
                        "startColumn": 4,
                        "startOffset": 3468,
                        "endColumn": 118,
                        "endOffset": 3582
                    }
                }
            },
            {
                "to": {
                    "startLine": 35,
                    "startColumn": 4,
                    "startOffset": 4440,
                    "endColumn": 168,
                    "endOffset": 4604
                },
                "from": {
                    "file": "E:\\Android Studio\\meeto\\NewWoffice\\app\\build\\intermediates\\exploded-aar\\com.google.android.gms\\play-services-basement\\8.3.0\\res\\values-ur-rPK\\common_strings.xml",
                    "position": {
                        "startLine": 6,
                        "startColumn": 4,
                        "startOffset": 679,
                        "endColumn": 168,
                        "endOffset": 843
                    }
                }
            },
            {
                "to": {
                    "startLine": 36,
                    "startColumn": 4,
                    "startOffset": 4609,
                    "endColumn": 171,
                    "endOffset": 4776
                },
                "from": {
                    "file": "E:\\Android Studio\\meeto\\NewWoffice\\app\\build\\intermediates\\exploded-aar\\com.google.android.gms\\play-services-basement\\8.3.0\\res\\values-ur-rPK\\common_strings.xml",
                    "position": {
                        "startLine": 22,
                        "startColumn": 4,
                        "startOffset": 3296,
                        "endColumn": 171,
                        "endOffset": 3463
                    }
                }
            },
            {
                "to": {
                    "startLine": 37,
                    "startColumn": 4,
                    "startOffset": 4781,
                    "endColumn": 123,
                    "endOffset": 4900
                },
                "from": {
                    "file": "E:\\Android Studio\\meeto\\NewWoffice\\app\\build\\intermediates\\exploded-aar\\com.google.android.gms\\play-services-basement\\8.3.0\\res\\values-ur-rPK\\common_strings.xml",
                    "position": {
                        "startLine": 21,
                        "startColumn": 4,
                        "startOffset": 3172,
                        "endColumn": 123,
                        "endOffset": 3291
                    }
                }
            },
            {
                "to": {
                    "startLine": 38,
                    "startColumn": 4,
                    "startOffset": 4905,
                    "endColumn": 183,
                    "endOffset": 5084
                },
                "from": {
                    "file": "E:\\Android Studio\\meeto\\NewWoffice\\app\\build\\intermediates\\exploded-aar\\com.google.android.gms\\play-services-basement\\8.3.0\\res\\values-ur-rPK\\common_strings.xml",
                    "position": {
                        "startLine": 4,
                        "startColumn": 4,
                        "startOffset": 304,
                        "endColumn": 183,
                        "endOffset": 483
                    }
                }
            },
            {
                "to": {
                    "startLine": 39,
                    "startColumn": 4,
                    "startOffset": 5089,
                    "endColumn": 133,
                    "endOffset": 5218
                },
                "from": {
                    "file": "E:\\Android Studio\\meeto\\NewWoffice\\app\\build\\intermediates\\exploded-aar\\com.google.android.gms\\play-services-basement\\8.3.0\\res\\values-ur-rPK\\common_strings.xml",
                    "position": {
                        "startLine": 3,
                        "startColumn": 4,
                        "startOffset": 170,
                        "endColumn": 133,
                        "endOffset": 299
                    }
                }
            },
            {
                "to": {
                    "startLine": 40,
                    "startColumn": 4,
                    "startOffset": 5223,
                    "endColumn": 190,
                    "endOffset": 5409
                },
                "from": {
                    "file": "E:\\Android Studio\\meeto\\NewWoffice\\app\\build\\intermediates\\exploded-aar\\com.google.android.gms\\play-services-basement\\8.3.0\\res\\values-ur-rPK\\common_strings.xml",
                    "position": {
                        "startLine": 32,
                        "startColumn": 4,
                        "startOffset": 4892,
                        "endColumn": 190,
                        "endOffset": 5078
                    }
                }
            },
            {
                "to": {
                    "startLine": 41,
                    "startColumn": 4,
                    "startOffset": 5414,
                    "endColumn": 131,
                    "endOffset": 5541
                },
                "from": {
                    "file": "E:\\Android Studio\\meeto\\NewWoffice\\app\\build\\intermediates\\exploded-aar\\com.google.android.gms\\play-services-basement\\8.3.0\\res\\values-ur-rPK\\common_strings.xml",
                    "position": {
                        "startLine": 31,
                        "startColumn": 4,
                        "startOffset": 4760,
                        "endColumn": 131,
                        "endOffset": 4887
                    }
                }
            },
            {
                "to": {
                    "startLine": 42,
                    "startColumn": 4,
                    "startOffset": 5546,
                    "endColumn": 141,
                    "endOffset": 5683
                },
                "from": {
                    "file": "E:\\Android Studio\\meeto\\NewWoffice\\app\\build\\intermediates\\exploded-aar\\com.google.android.gms\\play-services-basement\\8.3.0\\res\\values-ur-rPK\\common_strings.xml",
                    "position": {
                        "startLine": 25,
                        "startColumn": 4,
                        "startOffset": 3770,
                        "endColumn": 141,
                        "endOffset": 3907
                    }
                }
            },
            {
                "to": {
                    "startLine": 43,
                    "startColumn": 4,
                    "startOffset": 5688,
                    "endColumn": 255,
                    "endOffset": 5939
                },
                "from": {
                    "file": "E:\\Android Studio\\meeto\\NewWoffice\\app\\build\\intermediates\\exploded-aar\\com.google.android.gms\\play-services-basement\\8.3.0\\res\\values-ur-rPK\\common_strings.xml",
                    "position": {
                        "startLine": 27,
                        "startColumn": 4,
                        "startOffset": 4035,
                        "endColumn": 259,
                        "endOffset": 4290
                    }
                }
            },
            {
                "to": {
                    "startLine": 44,
                    "startColumn": 4,
                    "startOffset": 5944,
                    "endColumn": 122,
                    "endOffset": 6062
                },
                "from": {
                    "file": "E:\\Android Studio\\meeto\\NewWoffice\\app\\build\\intermediates\\exploded-aar\\com.google.android.gms\\play-services-basement\\8.3.0\\res\\values-ur-rPK\\common_strings.xml",
                    "position": {
                        "startLine": 26,
                        "startColumn": 4,
                        "startOffset": 3912,
                        "endColumn": 122,
                        "endOffset": 4030
                    }
                }
            },
            {
                "to": {
                    "startLine": 45,
                    "startColumn": 4,
                    "startOffset": 6067,
                    "endColumn": 111,
                    "endOffset": 6174
                },
                "from": {
                    "file": "E:\\Android Studio\\meeto\\NewWoffice\\app\\build\\intermediates\\exploded-aar\\com.google.android.gms\\play-services-basement\\8.3.0\\res\\values-ur-rPK\\common_strings.xml",
                    "position": {
                        "startLine": 28,
                        "startColumn": 4,
                        "startOffset": 4295,
                        "endColumn": 111,
                        "endOffset": 4402
                    }
                }
            },
            {
                "to": {
                    "startLine": 46,
                    "startColumn": 4,
                    "startOffset": 6179,
                    "endColumn": 202,
                    "endOffset": 6377
                },
                "from": {
                    "file": "E:\\Android Studio\\meeto\\NewWoffice\\app\\build\\intermediates\\exploded-aar\\com.google.android.gms\\play-services-basement\\8.3.0\\res\\values-ur-rPK\\common_strings.xml",
                    "position": {
                        "startLine": 17,
                        "startColumn": 4,
                        "startOffset": 2425,
                        "endColumn": 206,
                        "endOffset": 2627
                    }
                }
            },
            {
                "to": {
                    "startLine": 47,
                    "startColumn": 4,
                    "startOffset": 6382,
                    "endColumn": 129,
                    "endOffset": 6507
                },
                "from": {
                    "file": "E:\\Android Studio\\meeto\\NewWoffice\\app\\build\\intermediates\\exploded-aar\\com.google.android.gms\\play-services-basement\\8.3.0\\res\\values-ur-rPK\\common_strings.xml",
                    "position": {
                        "startLine": 15,
                        "startColumn": 4,
                        "startOffset": 2175,
                        "endColumn": 129,
                        "endOffset": 2300
                    }
                }
            },
            {
                "to": {
                    "startLine": 48,
                    "startColumn": 4,
                    "startOffset": 6512,
                    "endColumn": 204,
                    "endOffset": 6712
                },
                "from": {
                    "file": "E:\\Android Studio\\meeto\\NewWoffice\\app\\build\\intermediates\\exploded-aar\\com.google.android.gms\\play-services-basement\\8.3.0\\res\\values-ur-rPK\\common_strings.xml",
                    "position": {
                        "startLine": 20,
                        "startColumn": 4,
                        "startOffset": 2963,
                        "endColumn": 208,
                        "endOffset": 3167
                    }
                }
            },
            {
                "to": {
                    "startLine": 49,
                    "startColumn": 4,
                    "startOffset": 6717,
                    "endColumn": 136,
                    "endOffset": 6849
                },
                "from": {
                    "file": "E:\\Android Studio\\meeto\\NewWoffice\\app\\build\\intermediates\\exploded-aar\\com.google.android.gms\\play-services-basement\\8.3.0\\res\\values-ur-rPK\\common_strings.xml",
                    "position": {
                        "startLine": 19,
                        "startColumn": 4,
                        "startOffset": 2826,
                        "endColumn": 136,
                        "endOffset": 2958
                    }
                }
            },
            {
                "to": {
                    "startLine": 50,
                    "startColumn": 4,
                    "startOffset": 6854,
                    "endColumn": 91,
                    "endOffset": 6941
                },
                "from": {
                    "file": "E:\\Android Studio\\meeto\\NewWoffice\\app\\build\\intermediates\\exploded-aar\\com.google.android.gms\\play-services-basement\\8.3.0\\res\\values-ur-rPK\\common_strings.xml",
                    "position": {
                        "startLine": 29,
                        "startColumn": 4,
                        "startOffset": 4407,
                        "endColumn": 91,
                        "endOffset": 4494
                    }
                }
            },
            {
                "to": {
                    "startLine": 51,
                    "startColumn": 4,
                    "startOffset": 6946,
                    "endColumn": 96,
                    "endOffset": 7038
                },
                "from": {
                    "file": "E:\\Android Studio\\meeto\\NewWoffice\\app\\build\\intermediates\\exploded-aar\\com.google.android.gms\\play-services-base\\8.3.0\\res\\values-ur-rPK\\base_strings.xml",
                    "position": {
                        "startLine": 3,
                        "startColumn": 4,
                        "startOffset": 170,
                        "endColumn": 96,
                        "endOffset": 262
                    }
                }
            },
            {
                "to": {
                    "startLine": 52,
                    "startColumn": 4,
                    "startOffset": 7043,
                    "endColumn": 117,
                    "endOffset": 7156
                },
                "from": {
                    "file": "E:\\Android Studio\\meeto\\NewWoffice\\app\\build\\intermediates\\exploded-aar\\com.google.android.gms\\play-services-base\\8.3.0\\res\\values-ur-rPK\\base_strings.xml",
                    "position": {
                        "startLine": 4,
                        "startColumn": 4,
                        "startOffset": 267,
                        "endColumn": 117,
                        "endOffset": 380
                    }
                }
            },
            {
                "to": {
                    "startLine": 53,
                    "startColumn": 4,
                    "startOffset": 7161,
                    "endColumn": 60,
                    "endOffset": 7217
                },
                "from": {
                    "file": "E:\\Android Studio\\meeto\\NewWoffice\\app\\build\\intermediates\\exploded-aar\\com.wdullaer\\materialdatetimepicker\\2.3.0\\res\\values-ur-rPK\\values-ur-rPK.xml",
                    "position": {
                        "startLine": 4,
                        "startColumn": 4,
                        "startOffset": 267,
                        "endColumn": 60,
                        "endOffset": 323
                    }
                }
            },
            {
                "to": {
                    "startLine": 54,
                    "startColumn": 4,
                    "startOffset": 7222,
                    "endColumn": 104,
                    "endOffset": 7322
                },
                "from": {
                    "file": "E:\\Android Studio\\meeto\\NewWoffice\\app\\build\\intermediates\\exploded-aar\\com.wdullaer\\materialdatetimepicker\\2.3.0\\res\\values-ur-rPK\\values-ur-rPK.xml",
                    "position": {
                        "startLine": 5,
                        "startColumn": 4,
                        "startOffset": 328,
                        "endColumn": 104,
                        "endOffset": 428
                    }
                }
            },
            {
                "to": {
                    "startLine": 55,
                    "startColumn": 4,
                    "startOffset": 7327,
                    "endColumn": 113,
                    "endOffset": 7436
                },
                "from": {
                    "file": "E:\\Android Studio\\meeto\\NewWoffice\\app\\build\\intermediates\\exploded-aar\\com.wdullaer\\materialdatetimepicker\\2.3.0\\res\\values-ur-rPK\\values-ur-rPK.xml",
                    "position": {
                        "startLine": 6,
                        "startColumn": 4,
                        "startOffset": 433,
                        "endColumn": 113,
                        "endOffset": 542
                    }
                }
            },
            {
                "to": {
                    "startLine": 56,
                    "startColumn": 4,
                    "startOffset": 7441,
                    "endColumn": 79,
                    "endOffset": 7516
                },
                "from": {
                    "file": "E:\\Android Studio\\meeto\\NewWoffice\\app\\build\\intermediates\\exploded-aar\\com.wdullaer\\materialdatetimepicker\\2.3.0\\res\\values-ur-rPK\\values-ur-rPK.xml",
                    "position": {
                        "startLine": 7,
                        "startColumn": 4,
                        "startOffset": 547,
                        "endColumn": 79,
                        "endOffset": 622
                    }
                }
            },
            {
                "to": {
                    "startLine": 57,
                    "startColumn": 4,
                    "startOffset": 7521,
                    "endColumn": 110,
                    "endOffset": 7627
                },
                "from": {
                    "file": "E:\\Android Studio\\meeto\\NewWoffice\\app\\build\\intermediates\\exploded-aar\\com.wdullaer\\materialdatetimepicker\\2.3.0\\res\\values-ur-rPK\\values-ur-rPK.xml",
                    "position": {
                        "startLine": 8,
                        "startColumn": 4,
                        "startOffset": 627,
                        "endColumn": 110,
                        "endOffset": 733
                    }
                }
            },
            {
                "to": {
                    "startLine": 58,
                    "startColumn": 4,
                    "startOffset": 7632,
                    "endColumn": 121,
                    "endOffset": 7749
                },
                "from": {
                    "file": "E:\\Android Studio\\meeto\\NewWoffice\\app\\build\\intermediates\\exploded-aar\\com.wdullaer\\materialdatetimepicker\\2.3.0\\res\\values-ur-rPK\\values-ur-rPK.xml",
                    "position": {
                        "startLine": 9,
                        "startColumn": 4,
                        "startOffset": 738,
                        "endColumn": 121,
                        "endOffset": 855
                    }
                }
            },
            {
                "to": {
                    "startLine": 59,
                    "startColumn": 4,
                    "startOffset": 7754,
                    "endColumn": 109,
                    "endOffset": 7859
                },
                "from": {
                    "file": "E:\\Android Studio\\meeto\\NewWoffice\\app\\build\\intermediates\\exploded-aar\\com.wdullaer\\materialdatetimepicker\\2.3.0\\res\\values-ur-rPK\\values-ur-rPK.xml",
                    "position": {
                        "startLine": 10,
                        "startColumn": 4,
                        "startOffset": 860,
                        "endColumn": 109,
                        "endOffset": 965
                    }
                }
            },
            {
                "to": {
                    "startLine": 60,
                    "startColumn": 4,
                    "startOffset": 7864,
                    "endColumn": 97,
                    "endOffset": 7957
                },
                "from": {
                    "file": "E:\\Android Studio\\meeto\\NewWoffice\\app\\build\\intermediates\\exploded-aar\\com.wdullaer\\materialdatetimepicker\\2.3.0\\res\\values-ur-rPK\\values-ur-rPK.xml",
                    "position": {
                        "startLine": 11,
                        "startColumn": 4,
                        "startOffset": 970,
                        "endColumn": 97,
                        "endOffset": 1063
                    }
                }
            },
            {
                "to": {
                    "startLine": 61,
                    "startColumn": 4,
                    "startOffset": 7962,
                    "endColumn": 92,
                    "endOffset": 8050
                },
                "from": {
                    "file": "E:\\Android Studio\\meeto\\NewWoffice\\app\\build\\intermediates\\exploded-aar\\com.wdullaer\\materialdatetimepicker\\2.3.0\\res\\values-ur-rPK\\values-ur-rPK.xml",
                    "position": {
                        "startLine": 12,
                        "startColumn": 4,
                        "startOffset": 1068,
                        "endColumn": 92,
                        "endOffset": 1156
                    }
                }
            },
            {
                "to": {
                    "startLine": 62,
                    "startColumn": 4,
                    "startOffset": 8055,
                    "endColumn": 92,
                    "endOffset": 8143
                },
                "from": {
                    "file": "E:\\Android Studio\\meeto\\NewWoffice\\app\\build\\intermediates\\exploded-aar\\com.wdullaer\\materialdatetimepicker\\2.3.0\\res\\values-ur-rPK\\values-ur-rPK.xml",
                    "position": {
                        "startLine": 13,
                        "startColumn": 4,
                        "startOffset": 1161,
                        "endColumn": 92,
                        "endOffset": 1249
                    }
                }
            },
            {
                "to": {
                    "startLine": 63,
                    "startColumn": 4,
                    "startOffset": 8148,
                    "endColumn": 89,
                    "endOffset": 8233
                },
                "from": {
                    "file": "E:\\Android Studio\\meeto\\NewWoffice\\app\\build\\intermediates\\exploded-aar\\com.wdullaer\\materialdatetimepicker\\2.3.0\\res\\values-ur-rPK\\values-ur-rPK.xml",
                    "position": {
                        "startLine": 14,
                        "startColumn": 4,
                        "startOffset": 1254,
                        "endColumn": 89,
                        "endOffset": 1339
                    }
                }
            },
            {
                "to": {
                    "startLine": 64,
                    "startColumn": 4,
                    "startOffset": 8238,
                    "endColumn": 99,
                    "endOffset": 8333
                },
                "from": {
                    "file": "E:\\Android Studio\\meeto\\NewWoffice\\app\\build\\intermediates\\exploded-aar\\com.wdullaer\\materialdatetimepicker\\2.3.0\\res\\values-ur-rPK\\values-ur-rPK.xml",
                    "position": {
                        "startLine": 15,
                        "startColumn": 4,
                        "startOffset": 1344,
                        "endColumn": 99,
                        "endOffset": 1439
                    }
                }
            },
            {
                "to": {
                    "startLine": 65,
                    "startColumn": 4,
                    "startOffset": 8338,
                    "endColumn": 102,
                    "endOffset": 8436
                },
                "from": {
                    "file": "E:\\Android Studio\\meeto\\NewWoffice\\app\\build\\intermediates\\exploded-aar\\com.android.support\\appcompat-v7\\23.4.0\\res\\values-ur-rPK\\values-ur-rPK.xml",
                    "position": {
                        "startLine": 21,
                        "startColumn": 4,
                        "startOffset": 2023,
                        "endColumn": 102,
                        "endOffset": 2121
                    }
                }
            }
        ]
    }
]