[
    {
        "outputFile": "E:\\Android Studio\\meeto\\NewWoffice\\app\\build\\intermediates\\incremental\\mergeDebugResources\\merged.dir\\values-v16\\values-v16.xml",
        "map": [
            {
                "to": {
                    "startLine": 2,
                    "startColumn": 4,
                    "startOffset": 55,
                    "endColumn": 97,
                    "endOffset": 148
                },
                "from": {
                    "file": "E:\\Android Studio\\meeto\\NewWoffice\\app\\build\\intermediates\\exploded-aar\\com.wdullaer\\materialdatetimepicker\\2.3.0\\res\\values-v16\\values-v16.xml",
                    "position": {
                        "startLine": 4,
                        "startColumn": 4,
                        "startOffset": 214,
                        "endColumn": 97,
                        "endOffset": 307
                    }
                }
            },
            {
                "to": {
                    "startLine": 3,
                    "startColumn": 4,
                    "startOffset": 153,
                    "endLine": 5,
                    "endColumn": 12,
                    "endOffset": 281
                },
                "from": {
                    "file": "E:\\Android Studio\\meeto\\NewWoffice\\app\\build\\intermediates\\exploded-aar\\com.wdullaer\\materialdatetimepicker\\2.3.0\\res\\values-v16\\values-v16.xml",
                    "position": {
                        "startLine": 7,
                        "startColumn": 4,
                        "startOffset": 470,
                        "endLine": 9,
                        "endColumn": 12,
                        "endOffset": 598
                    }
                }
            },
            {
                "to": {
                    "startLine": 6,
                    "startColumn": 4,
                    "startOffset": 286,
                    "endLine": 8,
                    "endColumn": 12,
                    "endOffset": 400
                },
                "from": {
                    "file": "E:\\Android Studio\\meeto\\NewWoffice\\app\\build\\intermediates\\exploded-aar\\com.wdullaer\\materialdatetimepicker\\2.3.0\\res\\values-v16\\values-v16.xml",
                    "position": {
                        "startLine": 10,
                        "startColumn": 4,
                        "startOffset": 603,
                        "endLine": 12,
                        "endColumn": 12,
                        "endOffset": 717
                    }
                }
            },
            {
                "to": {
                    "startLine": 9,
                    "startColumn": 4,
                    "startOffset": 405,
                    "endLine": 11,
                    "endColumn": 12,
                    "endOffset": 517
                },
                "from": {
                    "file": "E:\\Android Studio\\meeto\\NewWoffice\\app\\build\\intermediates\\exploded-aar\\com.wdullaer\\materialdatetimepicker\\2.3.0\\res\\values-v16\\values-v16.xml",
                    "position": {
                        "startLine": 13,
                        "startColumn": 4,
                        "startOffset": 722,
                        "endLine": 15,
                        "endColumn": 12,
                        "endOffset": 834
                    }
                }
            }
        ]
    }
]