[
    {
        "outputFile": "E:\\Android Studio\\meeto\\NewWoffice\\app\\build\\intermediates\\incremental\\mergeDebugResources\\merged.dir\\values-w560dp-land-v13\\values-w560dp-land-v13.xml",
        "map": [
            {
                "to": {
                    "startLine": 2,
                    "startColumn": 4,
                    "startOffset": 55,
                    "endColumn": 64,
                    "endOffset": 115
                },
                "from": {
                    "file": "E:\\Android Studio\\meeto\\NewWoffice\\app\\build\\intermediates\\exploded-aar\\com.wdullaer\\materialdatetimepicker\\2.3.0\\res\\values-w560dp-land\\values-w560dp-land.xml",
                    "position": {
                        "startLine": 4,
                        "startColumn": 4,
                        "startOffset": 221,
                        "endColumn": 64,
                        "endOffset": 281
                    }
                }
            },
            {
                "to": {
                    "startLine": 3,
                    "startColumn": 4,
                    "startOffset": 120,
                    "endColumn": 53,
                    "endOffset": 169
                },
                "from": {
                    "file": "E:\\Android Studio\\meeto\\NewWoffice\\app\\build\\intermediates\\exploded-aar\\com.wdullaer\\materialdatetimepicker\\2.3.0\\res\\values-w560dp-land\\values-w560dp-land.xml",
                    "position": {
                        "startLine": 5,
                        "startColumn": 4,
                        "startOffset": 286,
                        "endColumn": 53,
                        "endOffset": 335
                    }
                }
            },
            {
                "to": {
                    "startLine": 4,
                    "startColumn": 4,
                    "startOffset": 174,
                    "endColumn": 50,
                    "endOffset": 220
                },
                "from": {
                    "file": "E:\\Android Studio\\meeto\\NewWoffice\\app\\build\\intermediates\\exploded-aar\\com.wdullaer\\materialdatetimepicker\\2.3.0\\res\\values-w560dp-land\\values-w560dp-land.xml",
                    "position": {
                        "startLine": 6,
                        "startColumn": 4,
                        "startOffset": 340,
                        "endColumn": 50,
                        "endOffset": 386
                    }
                }
            }
        ]
    }
]