[
    {
        "merged": "E:\\Android Studio\\meeto\\NewWoffice\\app\\build\\intermediates\\res\\merged\\debug\\color\\mdtp_date_picker_selector.xml",
        "source": "E:\\Android Studio\\meeto\\NewWoffice\\app\\build\\intermediates\\exploded-aar\\com.wdullaer\\materialdatetimepicker\\2.3.0\\res\\color\\mdtp_date_picker_selector.xml"
    },
    {
        "merged": "E:\\Android Studio\\meeto\\NewWoffice\\app\\build\\intermediates\\res\\merged\\debug\\color\\common_plus_signin_btn_text_dark.xml",
        "source": "E:\\Android Studio\\meeto\\NewWoffice\\app\\build\\intermediates\\exploded-aar\\com.google.android.gms\\play-services-base\\8.3.0\\res\\color\\common_plus_signin_btn_text_dark.xml"
    },
    {
        "merged": "E:\\Android Studio\\meeto\\NewWoffice\\app\\build\\intermediates\\res\\merged\\debug\\color\\mdtp_done_text_color_dark.xml",
        "source": "E:\\Android Studio\\meeto\\NewWoffice\\app\\build\\intermediates\\exploded-aar\\com.wdullaer\\materialdatetimepicker\\2.3.0\\res\\color\\mdtp_done_text_color_dark.xml"
    },
    {
        "merged": "E:\\Android Studio\\meeto\\NewWoffice\\app\\build\\intermediates\\res\\merged\\debug\\color\\mdtp_done_text_color.xml",
        "source": "E:\\Android Studio\\meeto\\NewWoffice\\app\\build\\intermediates\\exploded-aar\\com.wdullaer\\materialdatetimepicker\\2.3.0\\res\\color\\mdtp_done_text_color.xml"
    },
    {
        "merged": "E:\\Android Studio\\meeto\\NewWoffice\\app\\build\\intermediates\\res\\merged\\debug\\color\\common_google_signin_btn_text_dark.xml",
        "source": "E:\\Android Studio\\meeto\\NewWoffice\\app\\build\\intermediates\\exploded-aar\\com.google.android.gms\\play-services-base\\8.3.0\\res\\color\\common_google_signin_btn_text_dark.xml"
    },
    {
        "merged": "E:\\Android Studio\\meeto\\NewWoffice\\app\\build\\intermediates\\res\\merged\\debug\\color\\common_plus_signin_btn_text_light.xml",
        "source": "E:\\Android Studio\\meeto\\NewWoffice\\app\\build\\intermediates\\exploded-aar\\com.google.android.gms\\play-services-base\\8.3.0\\res\\color\\common_plus_signin_btn_text_light.xml"
    },
    {
        "merged": "E:\\Android Studio\\meeto\\NewWoffice\\app\\build\\intermediates\\res\\merged\\debug\\color\\abc_primary_text_disable_only_material_dark.xml",
        "source": "E:\\Android Studio\\meeto\\NewWoffice\\app\\build\\intermediates\\exploded-aar\\com.android.support\\appcompat-v7\\23.4.0\\res\\color\\abc_primary_text_disable_only_material_dark.xml"
    },
    {
        "merged": "E:\\Android Studio\\meeto\\NewWoffice\\app\\build\\intermediates\\res\\merged\\debug\\color\\abc_search_url_text.xml",
        "source": "E:\\Android Studio\\meeto\\NewWoffice\\app\\build\\intermediates\\exploded-aar\\com.android.support\\appcompat-v7\\23.4.0\\res\\color\\abc_search_url_text.xml"
    },
    {
        "merged": "E:\\Android Studio\\meeto\\NewWoffice\\app\\build\\intermediates\\res\\merged\\debug\\color\\switch_thumb_material_dark.xml",
        "source": "E:\\Android Studio\\meeto\\NewWoffice\\app\\build\\intermediates\\exploded-aar\\com.android.support\\appcompat-v7\\23.4.0\\res\\color\\switch_thumb_material_dark.xml"
    },
    {
        "merged": "E:\\Android Studio\\meeto\\NewWoffice\\app\\build\\intermediates\\res\\merged\\debug\\color\\common_google_signin_btn_text_light.xml",
        "source": "E:\\Android Studio\\meeto\\NewWoffice\\app\\build\\intermediates\\exploded-aar\\com.google.android.gms\\play-services-base\\8.3.0\\res\\color\\common_google_signin_btn_text_light.xml"
    },
    {
        "merged": "E:\\Android Studio\\meeto\\NewWoffice\\app\\build\\intermediates\\res\\merged\\debug\\color\\abc_primary_text_material_light.xml",
        "source": "E:\\Android Studio\\meeto\\NewWoffice\\app\\build\\intermediates\\exploded-aar\\com.android.support\\appcompat-v7\\23.4.0\\res\\color\\abc_primary_text_material_light.xml"
    },
    {
        "merged": "E:\\Android Studio\\meeto\\NewWoffice\\app\\build\\intermediates\\res\\merged\\debug\\color\\abc_secondary_text_material_dark.xml",
        "source": "E:\\Android Studio\\meeto\\NewWoffice\\app\\build\\intermediates\\exploded-aar\\com.android.support\\appcompat-v7\\23.4.0\\res\\color\\abc_secondary_text_material_dark.xml"
    },
    {
        "merged": "E:\\Android Studio\\meeto\\NewWoffice\\app\\build\\intermediates\\res\\merged\\debug\\color\\abc_primary_text_disable_only_material_light.xml",
        "source": "E:\\Android Studio\\meeto\\NewWoffice\\app\\build\\intermediates\\exploded-aar\\com.android.support\\appcompat-v7\\23.4.0\\res\\color\\abc_primary_text_disable_only_material_light.xml"
    },
    {
        "merged": "E:\\Android Studio\\meeto\\NewWoffice\\app\\build\\intermediates\\res\\merged\\debug\\color\\switch_thumb_material_light.xml",
        "source": "E:\\Android Studio\\meeto\\NewWoffice\\app\\build\\intermediates\\exploded-aar\\com.android.support\\appcompat-v7\\23.4.0\\res\\color\\switch_thumb_material_light.xml"
    },
    {
        "merged": "E:\\Android Studio\\meeto\\NewWoffice\\app\\build\\intermediates\\res\\merged\\debug\\color\\mdtp_date_picker_year_selector.xml",
        "source": "E:\\Android Studio\\meeto\\NewWoffice\\app\\build\\intermediates\\exploded-aar\\com.wdullaer\\materialdatetimepicker\\2.3.0\\res\\color\\mdtp_date_picker_year_selector.xml"
    },
    {
        "merged": "E:\\Android Studio\\meeto\\NewWoffice\\app\\build\\intermediates\\res\\merged\\debug\\color\\abc_secondary_text_material_light.xml",
        "source": "E:\\Android Studio\\meeto\\NewWoffice\\app\\build\\intermediates\\exploded-aar\\com.android.support\\appcompat-v7\\23.4.0\\res\\color\\abc_secondary_text_material_light.xml"
    },
    {
        "merged": "E:\\Android Studio\\meeto\\NewWoffice\\app\\build\\intermediates\\res\\merged\\debug\\color\\abc_primary_text_material_dark.xml",
        "source": "E:\\Android Studio\\meeto\\NewWoffice\\app\\build\\intermediates\\exploded-aar\\com.android.support\\appcompat-v7\\23.4.0\\res\\color\\abc_primary_text_material_dark.xml"
    }
]