[
    {
        "merged": "E:\\Android Studio\\meeto\\NewWoffice\\app\\build\\intermediates\\res\\merged\\debug\\drawable-xxhdpi\\common_google_signin_btn_text_light_normal.9.png",
        "source": "E:\\Android Studio\\meeto\\NewWoffice\\app\\build\\intermediates\\exploded-aar\\com.google.android.gms\\play-services-base\\8.3.0\\res\\drawable-xxhdpi\\common_google_signin_btn_text_light_normal.9.png"
    },
    {
        "merged": "E:\\Android Studio\\meeto\\NewWoffice\\app\\build\\intermediates\\res\\merged\\debug\\drawable-xxhdpi\\common_plus_signin_btn_text_light_pressed.9.png",
        "source": "E:\\Android Studio\\meeto\\NewWoffice\\app\\build\\intermediates\\exploded-aar\\com.google.android.gms\\play-services-base\\8.3.0\\res\\drawable-xxhdpi\\common_plus_signin_btn_text_light_pressed.9.png"
    },
    {
        "merged": "E:\\Android Studio\\meeto\\NewWoffice\\app\\build\\intermediates\\res\\merged\\debug\\drawable-xxhdpi\\common_plus_signin_btn_icon_light_focused.9.png",
        "source": "E:\\Android Studio\\meeto\\NewWoffice\\app\\build\\intermediates\\exploded-aar\\com.google.android.gms\\play-services-base\\8.3.0\\res\\drawable-xxhdpi\\common_plus_signin_btn_icon_light_focused.9.png"
    },
    {
        "merged": "E:\\Android Studio\\meeto\\NewWoffice\\app\\build\\intermediates\\res\\merged\\debug\\drawable-xxhdpi\\common_google_signin_btn_icon_dark_focused.9.png",
        "source": "E:\\Android Studio\\meeto\\NewWoffice\\app\\build\\intermediates\\exploded-aar\\com.google.android.gms\\play-services-base\\8.3.0\\res\\drawable-xxhdpi\\common_google_signin_btn_icon_dark_focused.9.png"
    },
    {
        "merged": "E:\\Android Studio\\meeto\\NewWoffice\\app\\build\\intermediates\\res\\merged\\debug\\drawable-xxhdpi\\common_plus_signin_btn_text_dark_pressed.9.png",
        "source": "E:\\Android Studio\\meeto\\NewWoffice\\app\\build\\intermediates\\exploded-aar\\com.google.android.gms\\play-services-base\\8.3.0\\res\\drawable-xxhdpi\\common_plus_signin_btn_text_dark_pressed.9.png"
    },
    {
        "merged": "E:\\Android Studio\\meeto\\NewWoffice\\app\\build\\intermediates\\res\\merged\\debug\\drawable-xxhdpi\\common_google_signin_btn_icon_light_pressed.9.png",
        "source": "E:\\Android Studio\\meeto\\NewWoffice\\app\\build\\intermediates\\exploded-aar\\com.google.android.gms\\play-services-base\\8.3.0\\res\\drawable-xxhdpi\\common_google_signin_btn_icon_light_pressed.9.png"
    },
    {
        "merged": "E:\\Android Studio\\meeto\\NewWoffice\\app\\build\\intermediates\\res\\merged\\debug\\drawable-xxhdpi\\common_plus_signin_btn_text_dark_normal.9.png",
        "source": "E:\\Android Studio\\meeto\\NewWoffice\\app\\build\\intermediates\\exploded-aar\\com.google.android.gms\\play-services-base\\8.3.0\\res\\drawable-xxhdpi\\common_plus_signin_btn_text_dark_normal.9.png"
    },
    {
        "merged": "E:\\Android Studio\\meeto\\NewWoffice\\app\\build\\intermediates\\res\\merged\\debug\\drawable-xxhdpi\\common_google_signin_btn_text_dark_normal.9.png",
        "source": "E:\\Android Studio\\meeto\\NewWoffice\\app\\build\\intermediates\\exploded-aar\\com.google.android.gms\\play-services-base\\8.3.0\\res\\drawable-xxhdpi\\common_google_signin_btn_text_dark_normal.9.png"
    },
    {
        "merged": "E:\\Android Studio\\meeto\\NewWoffice\\app\\build\\intermediates\\res\\merged\\debug\\drawable-xxhdpi\\common_google_signin_btn_text_light_focused.9.png",
        "source": "E:\\Android Studio\\meeto\\NewWoffice\\app\\build\\intermediates\\exploded-aar\\com.google.android.gms\\play-services-base\\8.3.0\\res\\drawable-xxhdpi\\common_google_signin_btn_text_light_focused.9.png"
    },
    {
        "merged": "E:\\Android Studio\\meeto\\NewWoffice\\app\\build\\intermediates\\res\\merged\\debug\\drawable-xxhdpi\\common_google_signin_btn_text_dark_disabled.9.png",
        "source": "E:\\Android Studio\\meeto\\NewWoffice\\app\\build\\intermediates\\exploded-aar\\com.google.android.gms\\play-services-base\\8.3.0\\res\\drawable-xxhdpi\\common_google_signin_btn_text_dark_disabled.9.png"
    },
    {
        "merged": "E:\\Android Studio\\meeto\\NewWoffice\\app\\build\\intermediates\\res\\merged\\debug\\drawable-xxhdpi\\common_google_signin_btn_text_dark_focused.9.png",
        "source": "E:\\Android Studio\\meeto\\NewWoffice\\app\\build\\intermediates\\exploded-aar\\com.google.android.gms\\play-services-base\\8.3.0\\res\\drawable-xxhdpi\\common_google_signin_btn_text_dark_focused.9.png"
    },
    {
        "merged": "E:\\Android Studio\\meeto\\NewWoffice\\app\\build\\intermediates\\res\\merged\\debug\\drawable-xxhdpi\\common_google_signin_btn_icon_light_normal.9.png",
        "source": "E:\\Android Studio\\meeto\\NewWoffice\\app\\build\\intermediates\\exploded-aar\\com.google.android.gms\\play-services-base\\8.3.0\\res\\drawable-xxhdpi\\common_google_signin_btn_icon_light_normal.9.png"
    },
    {
        "merged": "E:\\Android Studio\\meeto\\NewWoffice\\app\\build\\intermediates\\res\\merged\\debug\\drawable-xxhdpi\\common_plus_signin_btn_text_light_normal.9.png",
        "source": "E:\\Android Studio\\meeto\\NewWoffice\\app\\build\\intermediates\\exploded-aar\\com.google.android.gms\\play-services-base\\8.3.0\\res\\drawable-xxhdpi\\common_plus_signin_btn_text_light_normal.9.png"
    },
    {
        "merged": "E:\\Android Studio\\meeto\\NewWoffice\\app\\build\\intermediates\\res\\merged\\debug\\drawable-xxhdpi\\common_google_signin_btn_text_dark_pressed.9.png",
        "source": "E:\\Android Studio\\meeto\\NewWoffice\\app\\build\\intermediates\\exploded-aar\\com.google.android.gms\\play-services-base\\8.3.0\\res\\drawable-xxhdpi\\common_google_signin_btn_text_dark_pressed.9.png"
    },
    {
        "merged": "E:\\Android Studio\\meeto\\NewWoffice\\app\\build\\intermediates\\res\\merged\\debug\\drawable-xxhdpi\\common_google_signin_btn_icon_light_disabled.9.png",
        "source": "E:\\Android Studio\\meeto\\NewWoffice\\app\\build\\intermediates\\exploded-aar\\com.google.android.gms\\play-services-base\\8.3.0\\res\\drawable-xxhdpi\\common_google_signin_btn_icon_light_disabled.9.png"
    },
    {
        "merged": "E:\\Android Studio\\meeto\\NewWoffice\\app\\build\\intermediates\\res\\merged\\debug\\drawable-xxhdpi\\common_plus_signin_btn_icon_light_disabled.9.png",
        "source": "E:\\Android Studio\\meeto\\NewWoffice\\app\\build\\intermediates\\exploded-aar\\com.google.android.gms\\play-services-base\\8.3.0\\res\\drawable-xxhdpi\\common_plus_signin_btn_icon_light_disabled.9.png"
    },
    {
        "merged": "E:\\Android Studio\\meeto\\NewWoffice\\app\\build\\intermediates\\res\\merged\\debug\\drawable-xxhdpi\\common_google_signin_btn_text_light_pressed.9.png",
        "source": "E:\\Android Studio\\meeto\\NewWoffice\\app\\build\\intermediates\\exploded-aar\\com.google.android.gms\\play-services-base\\8.3.0\\res\\drawable-xxhdpi\\common_google_signin_btn_text_light_pressed.9.png"
    },
    {
        "merged": "E:\\Android Studio\\meeto\\NewWoffice\\app\\build\\intermediates\\res\\merged\\debug\\drawable-xxhdpi\\common_plus_signin_btn_icon_dark_focused.9.png",
        "source": "E:\\Android Studio\\meeto\\NewWoffice\\app\\build\\intermediates\\exploded-aar\\com.google.android.gms\\play-services-base\\8.3.0\\res\\drawable-xxhdpi\\common_plus_signin_btn_icon_dark_focused.9.png"
    },
    {
        "merged": "E:\\Android Studio\\meeto\\NewWoffice\\app\\build\\intermediates\\res\\merged\\debug\\drawable-xxhdpi\\common_google_signin_btn_icon_dark_pressed.9.png",
        "source": "E:\\Android Studio\\meeto\\NewWoffice\\app\\build\\intermediates\\exploded-aar\\com.google.android.gms\\play-services-base\\8.3.0\\res\\drawable-xxhdpi\\common_google_signin_btn_icon_dark_pressed.9.png"
    },
    {
        "merged": "E:\\Android Studio\\meeto\\NewWoffice\\app\\build\\intermediates\\res\\merged\\debug\\drawable-xxhdpi\\common_plus_signin_btn_text_dark_disabled.9.png",
        "source": "E:\\Android Studio\\meeto\\NewWoffice\\app\\build\\intermediates\\exploded-aar\\com.google.android.gms\\play-services-base\\8.3.0\\res\\drawable-xxhdpi\\common_plus_signin_btn_text_dark_disabled.9.png"
    },
    {
        "merged": "E:\\Android Studio\\meeto\\NewWoffice\\app\\build\\intermediates\\res\\merged\\debug\\drawable-xxhdpi\\common_plus_signin_btn_text_dark_focused.9.png",
        "source": "E:\\Android Studio\\meeto\\NewWoffice\\app\\build\\intermediates\\exploded-aar\\com.google.android.gms\\play-services-base\\8.3.0\\res\\drawable-xxhdpi\\common_plus_signin_btn_text_dark_focused.9.png"
    },
    {
        "merged": "E:\\Android Studio\\meeto\\NewWoffice\\app\\build\\intermediates\\res\\merged\\debug\\drawable-xxhdpi\\met_ic_clear.png",
        "source": "E:\\Android Studio\\meeto\\NewWoffice\\app\\build\\intermediates\\exploded-aar\\com.rengwuxian.materialedittext\\library\\2.1.4\\res\\drawable-xxhdpi\\met_ic_clear.png"
    },
    {
        "merged": "E:\\Android Studio\\meeto\\NewWoffice\\app\\build\\intermediates\\res\\merged\\debug\\drawable-xxhdpi\\common_plus_signin_btn_icon_dark_disabled.9.png",
        "source": "E:\\Android Studio\\meeto\\NewWoffice\\app\\build\\intermediates\\exploded-aar\\com.google.android.gms\\play-services-base\\8.3.0\\res\\drawable-xxhdpi\\common_plus_signin_btn_icon_dark_disabled.9.png"
    },
    {
        "merged": "E:\\Android Studio\\meeto\\NewWoffice\\app\\build\\intermediates\\res\\merged\\debug\\drawable-xxhdpi\\common_plus_signin_btn_icon_light_pressed.9.png",
        "source": "E:\\Android Studio\\meeto\\NewWoffice\\app\\build\\intermediates\\exploded-aar\\com.google.android.gms\\play-services-base\\8.3.0\\res\\drawable-xxhdpi\\common_plus_signin_btn_icon_light_pressed.9.png"
    },
    {
        "merged": "E:\\Android Studio\\meeto\\NewWoffice\\app\\build\\intermediates\\res\\merged\\debug\\drawable-xxhdpi\\common_google_signin_btn_icon_light_focused.9.png",
        "source": "E:\\Android Studio\\meeto\\NewWoffice\\app\\build\\intermediates\\exploded-aar\\com.google.android.gms\\play-services-base\\8.3.0\\res\\drawable-xxhdpi\\common_google_signin_btn_icon_light_focused.9.png"
    },
    {
        "merged": "E:\\Android Studio\\meeto\\NewWoffice\\app\\build\\intermediates\\res\\merged\\debug\\drawable-xxhdpi\\common_plus_signin_btn_text_light_focused.9.png",
        "source": "E:\\Android Studio\\meeto\\NewWoffice\\app\\build\\intermediates\\exploded-aar\\com.google.android.gms\\play-services-base\\8.3.0\\res\\drawable-xxhdpi\\common_plus_signin_btn_text_light_focused.9.png"
    },
    {
        "merged": "E:\\Android Studio\\meeto\\NewWoffice\\app\\build\\intermediates\\res\\merged\\debug\\drawable-xxhdpi\\common_plus_signin_btn_icon_light_normal.9.png",
        "source": "E:\\Android Studio\\meeto\\NewWoffice\\app\\build\\intermediates\\exploded-aar\\com.google.android.gms\\play-services-base\\8.3.0\\res\\drawable-xxhdpi\\common_plus_signin_btn_icon_light_normal.9.png"
    },
    {
        "merged": "E:\\Android Studio\\meeto\\NewWoffice\\app\\build\\intermediates\\res\\merged\\debug\\drawable-xxhdpi\\common_full_open_on_phone.png",
        "source": "E:\\Android Studio\\meeto\\NewWoffice\\app\\build\\intermediates\\exploded-aar\\com.google.android.gms\\play-services-basement\\8.3.0\\res\\drawable-xxhdpi\\common_full_open_on_phone.png"
    },
    {
        "merged": "E:\\Android Studio\\meeto\\NewWoffice\\app\\build\\intermediates\\res\\merged\\debug\\drawable-xxhdpi\\common_google_signin_btn_icon_dark_disabled.9.png",
        "source": "E:\\Android Studio\\meeto\\NewWoffice\\app\\build\\intermediates\\exploded-aar\\com.google.android.gms\\play-services-base\\8.3.0\\res\\drawable-xxhdpi\\common_google_signin_btn_icon_dark_disabled.9.png"
    },
    {
        "merged": "E:\\Android Studio\\meeto\\NewWoffice\\app\\build\\intermediates\\res\\merged\\debug\\drawable-xxhdpi\\common_plus_signin_btn_icon_dark_pressed.9.png",
        "source": "E:\\Android Studio\\meeto\\NewWoffice\\app\\build\\intermediates\\exploded-aar\\com.google.android.gms\\play-services-base\\8.3.0\\res\\drawable-xxhdpi\\common_plus_signin_btn_icon_dark_pressed.9.png"
    },
    {
        "merged": "E:\\Android Studio\\meeto\\NewWoffice\\app\\build\\intermediates\\res\\merged\\debug\\drawable-xxhdpi\\common_google_signin_btn_icon_dark_normal.9.png",
        "source": "E:\\Android Studio\\meeto\\NewWoffice\\app\\build\\intermediates\\exploded-aar\\com.google.android.gms\\play-services-base\\8.3.0\\res\\drawable-xxhdpi\\common_google_signin_btn_icon_dark_normal.9.png"
    },
    {
        "merged": "E:\\Android Studio\\meeto\\NewWoffice\\app\\build\\intermediates\\res\\merged\\debug\\drawable-xxhdpi\\common_plus_signin_btn_icon_dark_normal.9.png",
        "source": "E:\\Android Studio\\meeto\\NewWoffice\\app\\build\\intermediates\\exploded-aar\\com.google.android.gms\\play-services-base\\8.3.0\\res\\drawable-xxhdpi\\common_plus_signin_btn_icon_dark_normal.9.png"
    },
    {
        "merged": "E:\\Android Studio\\meeto\\NewWoffice\\app\\build\\intermediates\\res\\merged\\debug\\drawable-xxhdpi\\common_plus_signin_btn_text_light_disabled.9.png",
        "source": "E:\\Android Studio\\meeto\\NewWoffice\\app\\build\\intermediates\\exploded-aar\\com.google.android.gms\\play-services-base\\8.3.0\\res\\drawable-xxhdpi\\common_plus_signin_btn_text_light_disabled.9.png"
    },
    {
        "merged": "E:\\Android Studio\\meeto\\NewWoffice\\app\\build\\intermediates\\res\\merged\\debug\\drawable-xxhdpi\\common_google_signin_btn_text_light_disabled.9.png",
        "source": "E:\\Android Studio\\meeto\\NewWoffice\\app\\build\\intermediates\\exploded-aar\\com.google.android.gms\\play-services-base\\8.3.0\\res\\drawable-xxhdpi\\common_google_signin_btn_text_light_disabled.9.png"
    }
]