[
    {
        "merged": "E:\\Android Studio\\meeto\\NewWoffice\\app\\build\\intermediates\\res\\merged\\debug\\drawable-ldrtl-xxhdpi-v17\\abc_ic_ab_back_mtrl_am_alpha.png",
        "source": "E:\\Android Studio\\meeto\\NewWoffice\\app\\build\\intermediates\\exploded-aar\\com.android.support\\appcompat-v7\\23.4.0\\res\\drawable-ldrtl-xxhdpi-v17\\abc_ic_ab_back_mtrl_am_alpha.png"
    },
    {
        "merged": "E:\\Android Studio\\meeto\\NewWoffice\\app\\build\\intermediates\\res\\merged\\debug\\drawable-ldrtl-xxhdpi-v17\\abc_spinner_mtrl_am_alpha.9.png",
        "source": "E:\\Android Studio\\meeto\\NewWoffice\\app\\build\\intermediates\\exploded-aar\\com.android.support\\appcompat-v7\\23.4.0\\res\\drawable-ldrtl-xxhdpi-v17\\abc_spinner_mtrl_am_alpha.9.png"
    },
    {
        "merged": "E:\\Android Studio\\meeto\\NewWoffice\\app\\build\\intermediates\\res\\merged\\debug\\drawable-ldrtl-xxhdpi-v17\\abc_ic_menu_copy_mtrl_am_alpha.png",
        "source": "E:\\Android Studio\\meeto\\NewWoffice\\app\\build\\intermediates\\exploded-aar\\com.android.support\\appcompat-v7\\23.4.0\\res\\drawable-ldrtl-xxhdpi-v17\\abc_ic_menu_copy_mtrl_am_alpha.png"
    },
    {
        "merged": "E:\\Android Studio\\meeto\\NewWoffice\\app\\build\\intermediates\\res\\merged\\debug\\drawable-ldrtl-xxhdpi-v17\\abc_ic_menu_cut_mtrl_alpha.png",
        "source": "E:\\Android Studio\\meeto\\NewWoffice\\app\\build\\intermediates\\exploded-aar\\com.android.support\\appcompat-v7\\23.4.0\\res\\drawable-ldrtl-xxhdpi-v17\\abc_ic_menu_cut_mtrl_alpha.png"
    }
]