[
    {
        "merged": "E:\\Android Studio\\meeto\\NewWoffice\\app\\build\\intermediates\\res\\merged\\debug\\drawable-mdpi-v4\\abc_spinner_mtrl_am_alpha.9.png",
        "source": "E:\\Android Studio\\meeto\\NewWoffice\\app\\build\\intermediates\\exploded-aar\\com.android.support\\appcompat-v7\\23.4.0\\res\\drawable-mdpi-v4\\abc_spinner_mtrl_am_alpha.9.png"
    },
    {
        "merged": "E:\\Android Studio\\meeto\\NewWoffice\\app\\build\\intermediates\\res\\merged\\debug\\drawable-mdpi-v4\\abc_switch_track_mtrl_alpha.9.png",
        "source": "E:\\Android Studio\\meeto\\NewWoffice\\app\\build\\intermediates\\exploded-aar\\com.android.support\\appcompat-v7\\23.4.0\\res\\drawable-mdpi-v4\\abc_switch_track_mtrl_alpha.9.png"
    },
    {
        "merged": "E:\\Android Studio\\meeto\\NewWoffice\\app\\build\\intermediates\\res\\merged\\debug\\drawable-mdpi-v4\\com_facebook_profile_picture_blank_square.png",
        "source": "E:\\Android Studio\\meeto\\NewWoffice\\app\\build\\intermediates\\exploded-aar\\com.facebook.android\\facebook-android-sdk\\4.1.0\\res\\drawable-mdpi-v4\\com_facebook_profile_picture_blank_square.png"
    },
    {
        "merged": "E:\\Android Studio\\meeto\\NewWoffice\\app\\build\\intermediates\\res\\merged\\debug\\drawable-mdpi-v4\\abc_tab_indicator_mtrl_alpha.9.png",
        "source": "E:\\Android Studio\\meeto\\NewWoffice\\app\\build\\intermediates\\exploded-aar\\com.android.support\\appcompat-v7\\23.4.0\\res\\drawable-mdpi-v4\\abc_tab_indicator_mtrl_alpha.9.png"
    },
    {
        "merged": "E:\\Android Studio\\meeto\\NewWoffice\\app\\build\\intermediates\\res\\merged\\debug\\drawable-mdpi-v4\\abc_textfield_default_mtrl_alpha.9.png",
        "source": "E:\\Android Studio\\meeto\\NewWoffice\\app\\build\\intermediates\\exploded-aar\\com.android.support\\appcompat-v7\\23.4.0\\res\\drawable-mdpi-v4\\abc_textfield_default_mtrl_alpha.9.png"
    },
    {
        "merged": "E:\\Android Studio\\meeto\\NewWoffice\\app\\build\\intermediates\\res\\merged\\debug\\drawable-mdpi-v4\\abc_scrubber_primary_mtrl_alpha.9.png",
        "source": "E:\\Android Studio\\meeto\\NewWoffice\\app\\build\\intermediates\\exploded-aar\\com.android.support\\appcompat-v7\\23.4.0\\res\\drawable-mdpi-v4\\abc_scrubber_primary_mtrl_alpha.9.png"
    },
    {
        "merged": "E:\\Android Studio\\meeto\\NewWoffice\\app\\build\\intermediates\\res\\merged\\debug\\drawable-mdpi-v4\\messenger_bubble_large_white.png",
        "source": "E:\\Android Studio\\meeto\\NewWoffice\\app\\build\\intermediates\\exploded-aar\\com.facebook.android\\facebook-android-sdk\\4.1.0\\res\\drawable-mdpi-v4\\messenger_bubble_large_white.png"
    },
    {
        "merged": "E:\\Android Studio\\meeto\\NewWoffice\\app\\build\\intermediates\\res\\merged\\debug\\drawable-mdpi-v4\\abc_popup_background_mtrl_mult.9.png",
        "source": "E:\\Android Studio\\meeto\\NewWoffice\\app\\build\\intermediates\\exploded-aar\\com.android.support\\appcompat-v7\\23.4.0\\res\\drawable-mdpi-v4\\abc_popup_background_mtrl_mult.9.png"
    },
    {
        "merged": "E:\\Android Studio\\meeto\\NewWoffice\\app\\build\\intermediates\\res\\merged\\debug\\drawable-mdpi-v4\\abc_list_longpressed_holo.9.png",
        "source": "E:\\Android Studio\\meeto\\NewWoffice\\app\\build\\intermediates\\exploded-aar\\com.android.support\\appcompat-v7\\23.4.0\\res\\drawable-mdpi-v4\\abc_list_longpressed_holo.9.png"
    },
    {
        "merged": "E:\\Android Studio\\meeto\\NewWoffice\\app\\build\\intermediates\\res\\merged\\debug\\drawable-mdpi-v4\\abc_ic_ab_back_mtrl_am_alpha.png",
        "source": "E:\\Android Studio\\meeto\\NewWoffice\\app\\build\\intermediates\\exploded-aar\\com.android.support\\appcompat-v7\\23.4.0\\res\\drawable-mdpi-v4\\abc_ic_ab_back_mtrl_am_alpha.png"
    },
    {
        "merged": "E:\\Android Studio\\meeto\\NewWoffice\\app\\build\\intermediates\\res\\merged\\debug\\drawable-mdpi-v4\\com_facebook_tooltip_blue_xout.png",
        "source": "E:\\Android Studio\\meeto\\NewWoffice\\app\\build\\intermediates\\exploded-aar\\com.facebook.android\\facebook-android-sdk\\4.1.0\\res\\drawable-mdpi-v4\\com_facebook_tooltip_blue_xout.png"
    },
    {
        "merged": "E:\\Android Studio\\meeto\\NewWoffice\\app\\build\\intermediates\\res\\merged\\debug\\drawable-mdpi-v4\\abc_ic_menu_copy_mtrl_am_alpha.png",
        "source": "E:\\Android Studio\\meeto\\NewWoffice\\app\\build\\intermediates\\exploded-aar\\com.android.support\\appcompat-v7\\23.4.0\\res\\drawable-mdpi-v4\\abc_ic_menu_copy_mtrl_am_alpha.png"
    },
    {
        "merged": "E:\\Android Studio\\meeto\\NewWoffice\\app\\build\\intermediates\\res\\merged\\debug\\drawable-mdpi-v4\\abc_list_focused_holo.9.png",
        "source": "E:\\Android Studio\\meeto\\NewWoffice\\app\\build\\intermediates\\exploded-aar\\com.android.support\\appcompat-v7\\23.4.0\\res\\drawable-mdpi-v4\\abc_list_focused_holo.9.png"
    },
    {
        "merged": "E:\\Android Studio\\meeto\\NewWoffice\\app\\build\\intermediates\\res\\merged\\debug\\drawable-mdpi-v4\\abc_ic_star_half_black_36dp.png",
        "source": "E:\\Android Studio\\meeto\\NewWoffice\\app\\build\\intermediates\\exploded-aar\\com.android.support\\appcompat-v7\\23.4.0\\res\\drawable-mdpi-v4\\abc_ic_star_half_black_36dp.png"
    },
    {
        "merged": "E:\\Android Studio\\meeto\\NewWoffice\\app\\build\\intermediates\\res\\merged\\debug\\drawable-mdpi-v4\\com_facebook_close.png",
        "source": "E:\\Android Studio\\meeto\\NewWoffice\\app\\build\\intermediates\\exploded-aar\\com.facebook.android\\facebook-android-sdk\\4.1.0\\res\\drawable-mdpi-v4\\com_facebook_close.png"
    },
    {
        "merged": "E:\\Android Studio\\meeto\\NewWoffice\\app\\build\\intermediates\\res\\merged\\debug\\drawable-mdpi-v4\\abc_list_divider_mtrl_alpha.9.png",
        "source": "E:\\Android Studio\\meeto\\NewWoffice\\app\\build\\intermediates\\exploded-aar\\com.android.support\\appcompat-v7\\23.4.0\\res\\drawable-mdpi-v4\\abc_list_divider_mtrl_alpha.9.png"
    },
    {
        "merged": "E:\\Android Studio\\meeto\\NewWoffice\\app\\build\\intermediates\\res\\merged\\debug\\drawable-mdpi-v4\\abc_ic_menu_share_mtrl_alpha.png",
        "source": "E:\\Android Studio\\meeto\\NewWoffice\\app\\build\\intermediates\\exploded-aar\\com.android.support\\appcompat-v7\\23.4.0\\res\\drawable-mdpi-v4\\abc_ic_menu_share_mtrl_alpha.png"
    },
    {
        "merged": "E:\\Android Studio\\meeto\\NewWoffice\\app\\build\\intermediates\\res\\merged\\debug\\drawable-mdpi-v4\\abc_btn_radio_to_on_mtrl_000.png",
        "source": "E:\\Android Studio\\meeto\\NewWoffice\\app\\build\\intermediates\\exploded-aar\\com.android.support\\appcompat-v7\\23.4.0\\res\\drawable-mdpi-v4\\abc_btn_radio_to_on_mtrl_000.png"
    },
    {
        "merged": "E:\\Android Studio\\meeto\\NewWoffice\\app\\build\\intermediates\\res\\merged\\debug\\drawable-mdpi-v4\\messenger_bubble_small_blue.png",
        "source": "E:\\Android Studio\\meeto\\NewWoffice\\app\\build\\intermediates\\exploded-aar\\com.facebook.android\\facebook-android-sdk\\4.1.0\\res\\drawable-mdpi-v4\\messenger_bubble_small_blue.png"
    },
    {
        "merged": "E:\\Android Studio\\meeto\\NewWoffice\\app\\build\\intermediates\\res\\merged\\debug\\drawable-mdpi-v4\\com_facebook_button_send_icon.png",
        "source": "E:\\Android Studio\\meeto\\NewWoffice\\app\\build\\intermediates\\exploded-aar\\com.facebook.android\\facebook-android-sdk\\4.1.0\\res\\drawable-mdpi-v4\\com_facebook_button_send_icon.png"
    },
    {
        "merged": "E:\\Android Studio\\meeto\\NewWoffice\\app\\build\\intermediates\\res\\merged\\debug\\drawable-mdpi-v4\\abc_btn_rating_star_on_mtrl_alpha.png",
        "source": "E:\\Android Studio\\meeto\\NewWoffice\\app\\build\\intermediates\\exploded-aar\\com.android.support\\appcompat-v7\\23.4.0\\res\\drawable-mdpi-v4\\abc_btn_rating_star_on_mtrl_alpha.png"
    },
    {
        "merged": "E:\\Android Studio\\meeto\\NewWoffice\\app\\build\\intermediates\\res\\merged\\debug\\drawable-mdpi-v4\\abc_btn_check_to_on_mtrl_015.png",
        "source": "E:\\Android Studio\\meeto\\NewWoffice\\app\\build\\intermediates\\exploded-aar\\com.android.support\\appcompat-v7\\23.4.0\\res\\drawable-mdpi-v4\\abc_btn_check_to_on_mtrl_015.png"
    },
    {
        "merged": "E:\\Android Studio\\meeto\\NewWoffice\\app\\build\\intermediates\\res\\merged\\debug\\drawable-mdpi-v4\\com_facebook_tooltip_blue_background.9.png",
        "source": "E:\\Android Studio\\meeto\\NewWoffice\\app\\build\\intermediates\\exploded-aar\\com.facebook.android\\facebook-android-sdk\\4.1.0\\res\\drawable-mdpi-v4\\com_facebook_tooltip_blue_background.9.png"
    },
    {
        "merged": "E:\\Android Studio\\meeto\\NewWoffice\\app\\build\\intermediates\\res\\merged\\debug\\drawable-mdpi-v4\\com_facebook_button_icon.png",
        "source": "E:\\Android Studio\\meeto\\NewWoffice\\app\\build\\intermediates\\exploded-aar\\com.facebook.android\\facebook-android-sdk\\4.1.0\\res\\drawable-mdpi-v4\\com_facebook_button_icon.png"
    },
    {
        "merged": "E:\\Android Studio\\meeto\\NewWoffice\\app\\build\\intermediates\\res\\merged\\debug\\drawable-mdpi-v4\\abc_btn_switch_to_on_mtrl_00012.9.png",
        "source": "E:\\Android Studio\\meeto\\NewWoffice\\app\\build\\intermediates\\exploded-aar\\com.android.support\\appcompat-v7\\23.4.0\\res\\drawable-mdpi-v4\\abc_btn_switch_to_on_mtrl_00012.9.png"
    },
    {
        "merged": "E:\\Android Studio\\meeto\\NewWoffice\\app\\build\\intermediates\\res\\merged\\debug\\drawable-mdpi-v4\\com_facebook_tooltip_black_bottomnub.png",
        "source": "E:\\Android Studio\\meeto\\NewWoffice\\app\\build\\intermediates\\exploded-aar\\com.facebook.android\\facebook-android-sdk\\4.1.0\\res\\drawable-mdpi-v4\\com_facebook_tooltip_black_bottomnub.png"
    },
    {
        "merged": "E:\\Android Studio\\meeto\\NewWoffice\\app\\build\\intermediates\\res\\merged\\debug\\drawable-mdpi-v4\\abc_ic_star_half_black_16dp.png",
        "source": "E:\\Android Studio\\meeto\\NewWoffice\\app\\build\\intermediates\\exploded-aar\\com.android.support\\appcompat-v7\\23.4.0\\res\\drawable-mdpi-v4\\abc_ic_star_half_black_16dp.png"
    },
    {
        "merged": "E:\\Android Studio\\meeto\\NewWoffice\\app\\build\\intermediates\\res\\merged\\debug\\drawable-mdpi-v4\\abc_textfield_search_default_mtrl_alpha.9.png",
        "source": "E:\\Android Studio\\meeto\\NewWoffice\\app\\build\\intermediates\\exploded-aar\\com.android.support\\appcompat-v7\\23.4.0\\res\\drawable-mdpi-v4\\abc_textfield_search_default_mtrl_alpha.9.png"
    },
    {
        "merged": "E:\\Android Studio\\meeto\\NewWoffice\\app\\build\\intermediates\\res\\merged\\debug\\drawable-mdpi-v4\\abc_btn_switch_to_on_mtrl_00001.9.png",
        "source": "E:\\Android Studio\\meeto\\NewWoffice\\app\\build\\intermediates\\exploded-aar\\com.android.support\\appcompat-v7\\23.4.0\\res\\drawable-mdpi-v4\\abc_btn_switch_to_on_mtrl_00001.9.png"
    },
    {
        "merged": "E:\\Android Studio\\meeto\\NewWoffice\\app\\build\\intermediates\\res\\merged\\debug\\drawable-mdpi-v4\\com_facebook_tooltip_blue_bottomnub.png",
        "source": "E:\\Android Studio\\meeto\\NewWoffice\\app\\build\\intermediates\\exploded-aar\\com.facebook.android\\facebook-android-sdk\\4.1.0\\res\\drawable-mdpi-v4\\com_facebook_tooltip_blue_bottomnub.png"
    },
    {
        "merged": "E:\\Android Studio\\meeto\\NewWoffice\\app\\build\\intermediates\\res\\merged\\debug\\drawable-mdpi-v4\\abc_scrubber_control_off_mtrl_alpha.png",
        "source": "E:\\Android Studio\\meeto\\NewWoffice\\app\\build\\intermediates\\exploded-aar\\com.android.support\\appcompat-v7\\23.4.0\\res\\drawable-mdpi-v4\\abc_scrubber_control_off_mtrl_alpha.png"
    },
    {
        "merged": "E:\\Android Studio\\meeto\\NewWoffice\\app\\build\\intermediates\\res\\merged\\debug\\drawable-mdpi-v4\\com_facebook_tooltip_blue_topnub.png",
        "source": "E:\\Android Studio\\meeto\\NewWoffice\\app\\build\\intermediates\\exploded-aar\\com.facebook.android\\facebook-android-sdk\\4.1.0\\res\\drawable-mdpi-v4\\com_facebook_tooltip_blue_topnub.png"
    },
    {
        "merged": "E:\\Android Studio\\meeto\\NewWoffice\\app\\build\\intermediates\\res\\merged\\debug\\drawable-mdpi-v4\\com_facebook_profile_picture_blank_portrait.png",
        "source": "E:\\Android Studio\\meeto\\NewWoffice\\app\\build\\intermediates\\exploded-aar\\com.facebook.android\\facebook-android-sdk\\4.1.0\\res\\drawable-mdpi-v4\\com_facebook_profile_picture_blank_portrait.png"
    },
    {
        "merged": "E:\\Android Studio\\meeto\\NewWoffice\\app\\build\\intermediates\\res\\merged\\debug\\drawable-mdpi-v4\\abc_ab_share_pack_mtrl_alpha.9.png",
        "source": "E:\\Android Studio\\meeto\\NewWoffice\\app\\build\\intermediates\\exploded-aar\\com.android.support\\appcompat-v7\\23.4.0\\res\\drawable-mdpi-v4\\abc_ab_share_pack_mtrl_alpha.9.png"
    },
    {
        "merged": "E:\\Android Studio\\meeto\\NewWoffice\\app\\build\\intermediates\\res\\merged\\debug\\drawable-mdpi-v4\\abc_ic_voice_search_api_mtrl_alpha.png",
        "source": "E:\\Android Studio\\meeto\\NewWoffice\\app\\build\\intermediates\\exploded-aar\\com.android.support\\appcompat-v7\\23.4.0\\res\\drawable-mdpi-v4\\abc_ic_voice_search_api_mtrl_alpha.png"
    },
    {
        "merged": "E:\\Android Studio\\meeto\\NewWoffice\\app\\build\\intermediates\\res\\merged\\debug\\drawable-mdpi-v4\\abc_ic_go_search_api_mtrl_alpha.png",
        "source": "E:\\Android Studio\\meeto\\NewWoffice\\app\\build\\intermediates\\exploded-aar\\com.android.support\\appcompat-v7\\23.4.0\\res\\drawable-mdpi-v4\\abc_ic_go_search_api_mtrl_alpha.png"
    },
    {
        "merged": "E:\\Android Studio\\meeto\\NewWoffice\\app\\build\\intermediates\\res\\merged\\debug\\drawable-mdpi-v4\\com_facebook_tooltip_black_background.9.png",
        "source": "E:\\Android Studio\\meeto\\NewWoffice\\app\\build\\intermediates\\exploded-aar\\com.facebook.android\\facebook-android-sdk\\4.1.0\\res\\drawable-mdpi-v4\\com_facebook_tooltip_black_background.9.png"
    },
    {
        "merged": "E:\\Android Studio\\meeto\\NewWoffice\\app\\build\\intermediates\\res\\merged\\debug\\drawable-mdpi-v4\\abc_scrubber_control_to_pressed_mtrl_000.png",
        "source": "E:\\Android Studio\\meeto\\NewWoffice\\app\\build\\intermediates\\exploded-aar\\com.android.support\\appcompat-v7\\23.4.0\\res\\drawable-mdpi-v4\\abc_scrubber_control_to_pressed_mtrl_000.png"
    },
    {
        "merged": "E:\\Android Studio\\meeto\\NewWoffice\\app\\build\\intermediates\\res\\merged\\debug\\drawable-mdpi-v4\\messenger_button_send_round_shadow.png",
        "source": "E:\\Android Studio\\meeto\\NewWoffice\\app\\build\\intermediates\\exploded-aar\\com.facebook.android\\facebook-android-sdk\\4.1.0\\res\\drawable-mdpi-v4\\messenger_button_send_round_shadow.png"
    },
    {
        "merged": "E:\\Android Studio\\meeto\\NewWoffice\\app\\build\\intermediates\\res\\merged\\debug\\drawable-mdpi-v4\\abc_ic_menu_cut_mtrl_alpha.png",
        "source": "E:\\Android Studio\\meeto\\NewWoffice\\app\\build\\intermediates\\exploded-aar\\com.android.support\\appcompat-v7\\23.4.0\\res\\drawable-mdpi-v4\\abc_ic_menu_cut_mtrl_alpha.png"
    },
    {
        "merged": "E:\\Android Studio\\meeto\\NewWoffice\\app\\build\\intermediates\\res\\merged\\debug\\drawable-mdpi-v4\\messenger_bubble_small_white.png",
        "source": "E:\\Android Studio\\meeto\\NewWoffice\\app\\build\\intermediates\\exploded-aar\\com.facebook.android\\facebook-android-sdk\\4.1.0\\res\\drawable-mdpi-v4\\messenger_bubble_small_white.png"
    },
    {
        "merged": "E:\\Android Studio\\meeto\\NewWoffice\\app\\build\\intermediates\\res\\merged\\debug\\drawable-mdpi-v4\\abc_ic_star_black_36dp.png",
        "source": "E:\\Android Studio\\meeto\\NewWoffice\\app\\build\\intermediates\\exploded-aar\\com.android.support\\appcompat-v7\\23.4.0\\res\\drawable-mdpi-v4\\abc_ic_star_black_36dp.png"
    },
    {
        "merged": "E:\\Android Studio\\meeto\\NewWoffice\\app\\build\\intermediates\\res\\merged\\debug\\drawable-mdpi-v4\\abc_list_pressed_holo_dark.9.png",
        "source": "E:\\Android Studio\\meeto\\NewWoffice\\app\\build\\intermediates\\exploded-aar\\com.android.support\\appcompat-v7\\23.4.0\\res\\drawable-mdpi-v4\\abc_list_pressed_holo_dark.9.png"
    },
    {
        "merged": "E:\\Android Studio\\meeto\\NewWoffice\\app\\build\\intermediates\\res\\merged\\debug\\drawable-mdpi-v4\\abc_ic_clear_mtrl_alpha.png",
        "source": "E:\\Android Studio\\meeto\\NewWoffice\\app\\build\\intermediates\\exploded-aar\\com.android.support\\appcompat-v7\\23.4.0\\res\\drawable-mdpi-v4\\abc_ic_clear_mtrl_alpha.png"
    },
    {
        "merged": "E:\\Android Studio\\meeto\\NewWoffice\\app\\build\\intermediates\\res\\merged\\debug\\drawable-mdpi-v4\\abc_list_selector_disabled_holo_dark.9.png",
        "source": "E:\\Android Studio\\meeto\\NewWoffice\\app\\build\\intermediates\\exploded-aar\\com.android.support\\appcompat-v7\\23.4.0\\res\\drawable-mdpi-v4\\abc_list_selector_disabled_holo_dark.9.png"
    },
    {
        "merged": "E:\\Android Studio\\meeto\\NewWoffice\\app\\build\\intermediates\\res\\merged\\debug\\drawable-mdpi-v4\\com_facebook_tooltip_black_xout.png",
        "source": "E:\\Android Studio\\meeto\\NewWoffice\\app\\build\\intermediates\\exploded-aar\\com.facebook.android\\facebook-android-sdk\\4.1.0\\res\\drawable-mdpi-v4\\com_facebook_tooltip_black_xout.png"
    },
    {
        "merged": "E:\\Android Studio\\meeto\\NewWoffice\\app\\build\\intermediates\\res\\merged\\debug\\drawable-mdpi-v4\\com_facebook_button_like_icon_selected.png",
        "source": "E:\\Android Studio\\meeto\\NewWoffice\\app\\build\\intermediates\\exploded-aar\\com.facebook.android\\facebook-android-sdk\\4.1.0\\res\\drawable-mdpi-v4\\com_facebook_button_like_icon_selected.png"
    },
    {
        "merged": "E:\\Android Studio\\meeto\\NewWoffice\\app\\build\\intermediates\\res\\merged\\debug\\drawable-mdpi-v4\\abc_list_pressed_holo_light.9.png",
        "source": "E:\\Android Studio\\meeto\\NewWoffice\\app\\build\\intermediates\\exploded-aar\\com.android.support\\appcompat-v7\\23.4.0\\res\\drawable-mdpi-v4\\abc_list_pressed_holo_light.9.png"
    },
    {
        "merged": "E:\\Android Studio\\meeto\\NewWoffice\\app\\build\\intermediates\\res\\merged\\debug\\drawable-mdpi-v4\\abc_ic_search_api_mtrl_alpha.png",
        "source": "E:\\Android Studio\\meeto\\NewWoffice\\app\\build\\intermediates\\exploded-aar\\com.android.support\\appcompat-v7\\23.4.0\\res\\drawable-mdpi-v4\\abc_ic_search_api_mtrl_alpha.png"
    },
    {
        "merged": "E:\\Android Studio\\meeto\\NewWoffice\\app\\build\\intermediates\\res\\merged\\debug\\drawable-mdpi-v4\\abc_scrubber_control_to_pressed_mtrl_005.png",
        "source": "E:\\Android Studio\\meeto\\NewWoffice\\app\\build\\intermediates\\exploded-aar\\com.android.support\\appcompat-v7\\23.4.0\\res\\drawable-mdpi-v4\\abc_scrubber_control_to_pressed_mtrl_005.png"
    },
    {
        "merged": "E:\\Android Studio\\meeto\\NewWoffice\\app\\build\\intermediates\\res\\merged\\debug\\drawable-mdpi-v4\\messenger_bubble_large_blue.png",
        "source": "E:\\Android Studio\\meeto\\NewWoffice\\app\\build\\intermediates\\exploded-aar\\com.facebook.android\\facebook-android-sdk\\4.1.0\\res\\drawable-mdpi-v4\\messenger_bubble_large_blue.png"
    },
    {
        "merged": "E:\\Android Studio\\meeto\\NewWoffice\\app\\build\\intermediates\\res\\merged\\debug\\drawable-mdpi-v4\\abc_ic_commit_search_api_mtrl_alpha.png",
        "source": "E:\\Android Studio\\meeto\\NewWoffice\\app\\build\\intermediates\\exploded-aar\\com.android.support\\appcompat-v7\\23.4.0\\res\\drawable-mdpi-v4\\abc_ic_commit_search_api_mtrl_alpha.png"
    },
    {
        "merged": "E:\\Android Studio\\meeto\\NewWoffice\\app\\build\\intermediates\\res\\merged\\debug\\drawable-mdpi-v4\\abc_ic_menu_moreoverflow_mtrl_alpha.png",
        "source": "E:\\Android Studio\\meeto\\NewWoffice\\app\\build\\intermediates\\exploded-aar\\com.android.support\\appcompat-v7\\23.4.0\\res\\drawable-mdpi-v4\\abc_ic_menu_moreoverflow_mtrl_alpha.png"
    },
    {
        "merged": "E:\\Android Studio\\meeto\\NewWoffice\\app\\build\\intermediates\\res\\merged\\debug\\drawable-mdpi-v4\\abc_textfield_search_activated_mtrl_alpha.9.png",
        "source": "E:\\Android Studio\\meeto\\NewWoffice\\app\\build\\intermediates\\exploded-aar\\com.android.support\\appcompat-v7\\23.4.0\\res\\drawable-mdpi-v4\\abc_textfield_search_activated_mtrl_alpha.9.png"
    },
    {
        "merged": "E:\\Android Studio\\meeto\\NewWoffice\\app\\build\\intermediates\\res\\merged\\debug\\drawable-mdpi-v4\\abc_textfield_activated_mtrl_alpha.9.png",
        "source": "E:\\Android Studio\\meeto\\NewWoffice\\app\\build\\intermediates\\exploded-aar\\com.android.support\\appcompat-v7\\23.4.0\\res\\drawable-mdpi-v4\\abc_textfield_activated_mtrl_alpha.9.png"
    },
    {
        "merged": "E:\\Android Studio\\meeto\\NewWoffice\\app\\build\\intermediates\\res\\merged\\debug\\drawable-mdpi-v4\\abc_btn_check_to_on_mtrl_000.png",
        "source": "E:\\Android Studio\\meeto\\NewWoffice\\app\\build\\intermediates\\exploded-aar\\com.android.support\\appcompat-v7\\23.4.0\\res\\drawable-mdpi-v4\\abc_btn_check_to_on_mtrl_000.png"
    },
    {
        "merged": "E:\\Android Studio\\meeto\\NewWoffice\\app\\build\\intermediates\\res\\merged\\debug\\drawable-mdpi-v4\\abc_list_selector_disabled_holo_light.9.png",
        "source": "E:\\Android Studio\\meeto\\NewWoffice\\app\\build\\intermediates\\exploded-aar\\com.android.support\\appcompat-v7\\23.4.0\\res\\drawable-mdpi-v4\\abc_list_selector_disabled_holo_light.9.png"
    },
    {
        "merged": "E:\\Android Studio\\meeto\\NewWoffice\\app\\build\\intermediates\\res\\merged\\debug\\drawable-mdpi-v4\\abc_scrubber_track_mtrl_alpha.9.png",
        "source": "E:\\Android Studio\\meeto\\NewWoffice\\app\\build\\intermediates\\exploded-aar\\com.android.support\\appcompat-v7\\23.4.0\\res\\drawable-mdpi-v4\\abc_scrubber_track_mtrl_alpha.9.png"
    },
    {
        "merged": "E:\\Android Studio\\meeto\\NewWoffice\\app\\build\\intermediates\\res\\merged\\debug\\drawable-mdpi-v4\\abc_menu_hardkey_panel_mtrl_mult.9.png",
        "source": "E:\\Android Studio\\meeto\\NewWoffice\\app\\build\\intermediates\\exploded-aar\\com.android.support\\appcompat-v7\\23.4.0\\res\\drawable-mdpi-v4\\abc_menu_hardkey_panel_mtrl_mult.9.png"
    },
    {
        "merged": "E:\\Android Studio\\meeto\\NewWoffice\\app\\build\\intermediates\\res\\merged\\debug\\drawable-mdpi-v4\\abc_btn_rating_star_off_mtrl_alpha.png",
        "source": "E:\\Android Studio\\meeto\\NewWoffice\\app\\build\\intermediates\\exploded-aar\\com.android.support\\appcompat-v7\\23.4.0\\res\\drawable-mdpi-v4\\abc_btn_rating_star_off_mtrl_alpha.png"
    },
    {
        "merged": "E:\\Android Studio\\meeto\\NewWoffice\\app\\build\\intermediates\\res\\merged\\debug\\drawable-mdpi-v4\\abc_ic_menu_selectall_mtrl_alpha.png",
        "source": "E:\\Android Studio\\meeto\\NewWoffice\\app\\build\\intermediates\\exploded-aar\\com.android.support\\appcompat-v7\\23.4.0\\res\\drawable-mdpi-v4\\abc_ic_menu_selectall_mtrl_alpha.png"
    },
    {
        "merged": "E:\\Android Studio\\meeto\\NewWoffice\\app\\build\\intermediates\\res\\merged\\debug\\drawable-mdpi-v4\\abc_btn_radio_to_on_mtrl_015.png",
        "source": "E:\\Android Studio\\meeto\\NewWoffice\\app\\build\\intermediates\\exploded-aar\\com.android.support\\appcompat-v7\\23.4.0\\res\\drawable-mdpi-v4\\abc_btn_radio_to_on_mtrl_015.png"
    },
    {
        "merged": "E:\\Android Studio\\meeto\\NewWoffice\\app\\build\\intermediates\\res\\merged\\debug\\drawable-mdpi-v4\\abc_ic_menu_paste_mtrl_am_alpha.png",
        "source": "E:\\Android Studio\\meeto\\NewWoffice\\app\\build\\intermediates\\exploded-aar\\com.android.support\\appcompat-v7\\23.4.0\\res\\drawable-mdpi-v4\\abc_ic_menu_paste_mtrl_am_alpha.png"
    },
    {
        "merged": "E:\\Android Studio\\meeto\\NewWoffice\\app\\build\\intermediates\\res\\merged\\debug\\drawable-mdpi-v4\\abc_ic_star_black_16dp.png",
        "source": "E:\\Android Studio\\meeto\\NewWoffice\\app\\build\\intermediates\\exploded-aar\\com.android.support\\appcompat-v7\\23.4.0\\res\\drawable-mdpi-v4\\abc_ic_star_black_16dp.png"
    },
    {
        "merged": "E:\\Android Studio\\meeto\\NewWoffice\\app\\build\\intermediates\\res\\merged\\debug\\drawable-mdpi-v4\\abc_cab_background_top_mtrl_alpha.9.png",
        "source": "E:\\Android Studio\\meeto\\NewWoffice\\app\\build\\intermediates\\exploded-aar\\com.android.support\\appcompat-v7\\23.4.0\\res\\drawable-mdpi-v4\\abc_cab_background_top_mtrl_alpha.9.png"
    },
    {
        "merged": "E:\\Android Studio\\meeto\\NewWoffice\\app\\build\\intermediates\\res\\merged\\debug\\drawable-mdpi-v4\\com_facebook_tooltip_black_topnub.png",
        "source": "E:\\Android Studio\\meeto\\NewWoffice\\app\\build\\intermediates\\exploded-aar\\com.facebook.android\\facebook-android-sdk\\4.1.0\\res\\drawable-mdpi-v4\\com_facebook_tooltip_black_topnub.png"
    }
]