[
    {
        "merged": "E:\\Android Studio\\meeto\\NewWoffice\\app\\build\\intermediates\\res\\merged\\debug\\layout\\custome_review_activity.xml",
        "source": "E:\\Android Studio\\meeto\\NewWoffice\\app\\src\\main\\res\\layout\\custome_review_activity.xml"
    },
    {
        "merged": "E:\\Android Studio\\meeto\\NewWoffice\\app\\build\\intermediates\\res\\merged\\debug\\layout\\activity_yourlisting.xml",
        "source": "E:\\Android Studio\\meeto\\NewWoffice\\app\\src\\main\\res\\layout\\activity_yourlisting.xml"
    },
    {
        "merged": "E:\\Android Studio\\meeto\\NewWoffice\\app\\build\\intermediates\\res\\merged\\debug\\layout\\design_navigation_item.xml",
        "source": "E:\\Android Studio\\meeto\\NewWoffice\\app\\build\\intermediates\\exploded-aar\\com.android.support\\design\\23.4.0\\res\\layout\\design_navigation_item.xml"
    },
    {
        "merged": "E:\\Android Studio\\meeto\\NewWoffice\\app\\build\\intermediates\\res\\merged\\debug\\layout\\abc_list_menu_item_icon.xml",
        "source": "E:\\Android Studio\\meeto\\NewWoffice\\app\\build\\intermediates\\exploded-aar\\com.android.support\\appcompat-v7\\23.4.0\\res\\layout\\abc_list_menu_item_icon.xml"
    },
    {
        "merged": "E:\\Android Studio\\meeto\\NewWoffice\\app\\build\\intermediates\\res\\merged\\debug\\layout\\custome_searching_activity.xml",
        "source": "E:\\Android Studio\\meeto\\NewWoffice\\app\\src\\main\\res\\layout\\custome_searching_activity.xml"
    },
    {
        "merged": "E:\\Android Studio\\meeto\\NewWoffice\\app\\build\\intermediates\\res\\merged\\debug\\layout\\abc_action_bar_view_list_nav_layout.xml",
        "source": "E:\\Android Studio\\meeto\\NewWoffice\\app\\build\\intermediates\\exploded-aar\\com.android.support\\appcompat-v7\\23.4.0\\res\\layout\\abc_action_bar_view_list_nav_layout.xml"
    },
    {
        "merged": "E:\\Android Studio\\meeto\\NewWoffice\\app\\build\\intermediates\\res\\merged\\debug\\layout\\mdtp_date_picker_header_view.xml",
        "source": "E:\\Android Studio\\meeto\\NewWoffice\\app\\build\\intermediates\\exploded-aar\\com.wdullaer\\materialdatetimepicker\\2.3.0\\res\\layout\\mdtp_date_picker_header_view.xml"
    },
    {
        "merged": "E:\\Android Studio\\meeto\\NewWoffice\\app\\build\\intermediates\\res\\merged\\debug\\layout\\select_dialog_multichoice_material.xml",
        "source": "E:\\Android Studio\\meeto\\NewWoffice\\app\\build\\intermediates\\exploded-aar\\com.android.support\\appcompat-v7\\23.4.0\\res\\layout\\select_dialog_multichoice_material.xml"
    },
    {
        "merged": "E:\\Android Studio\\meeto\\NewWoffice\\app\\build\\intermediates\\res\\merged\\debug\\layout\\content_home_activity.xml",
        "source": "E:\\Android Studio\\meeto\\NewWoffice\\app\\src\\main\\res\\layout\\content_home_activity.xml"
    },
    {
        "merged": "E:\\Android Studio\\meeto\\NewWoffice\\app\\build\\intermediates\\res\\merged\\debug\\layout\\activity_cropingprofile.xml",
        "source": "E:\\Android Studio\\meeto\\NewWoffice\\app\\src\\main\\res\\layout\\activity_cropingprofile.xml"
    },
    {
        "merged": "E:\\Android Studio\\meeto\\NewWoffice\\app\\build\\intermediates\\res\\merged\\debug\\layout\\activity_booking.xml",
        "source": "E:\\Android Studio\\meeto\\NewWoffice\\app\\src\\main\\res\\layout\\activity_booking.xml"
    },
    {
        "merged": "E:\\Android Studio\\meeto\\NewWoffice\\app\\build\\intermediates\\res\\merged\\debug\\layout\\abc_select_dialog_material.xml",
        "source": "E:\\Android Studio\\meeto\\NewWoffice\\app\\build\\intermediates\\exploded-aar\\com.android.support\\appcompat-v7\\23.4.0\\res\\layout\\abc_select_dialog_material.xml"
    },
    {
        "merged": "E:\\Android Studio\\meeto\\NewWoffice\\app\\build\\intermediates\\res\\merged\\debug\\layout\\abc_search_view.xml",
        "source": "E:\\Android Studio\\meeto\\NewWoffice\\app\\build\\intermediates\\exploded-aar\\com.android.support\\appcompat-v7\\23.4.0\\res\\layout\\abc_search_view.xml"
    },
    {
        "merged": "E:\\Android Studio\\meeto\\NewWoffice\\app\\build\\intermediates\\res\\merged\\debug\\layout\\notification_template_big_media.xml",
        "source": "E:\\Android Studio\\meeto\\NewWoffice\\app\\build\\intermediates\\exploded-aar\\com.android.support\\appcompat-v7\\23.4.0\\res\\layout\\notification_template_big_media.xml"
    },
    {
        "merged": "E:\\Android Studio\\meeto\\NewWoffice\\app\\build\\intermediates\\res\\merged\\debug\\layout\\mdtp_time_header_label.xml",
        "source": "E:\\Android Studio\\meeto\\NewWoffice\\app\\build\\intermediates\\exploded-aar\\com.wdullaer\\materialdatetimepicker\\2.3.0\\res\\layout\\mdtp_time_header_label.xml"
    },
    {
        "merged": "E:\\Android Studio\\meeto\\NewWoffice\\app\\build\\intermediates\\res\\merged\\debug\\layout\\support_simple_spinner_dropdown_item.xml",
        "source": "E:\\Android Studio\\meeto\\NewWoffice\\app\\build\\intermediates\\exploded-aar\\com.android.support\\appcompat-v7\\23.4.0\\res\\layout\\support_simple_spinner_dropdown_item.xml"
    },
    {
        "merged": "E:\\Android Studio\\meeto\\NewWoffice\\app\\build\\intermediates\\res\\merged\\debug\\layout\\abc_search_dropdown_item_icons_2line.xml",
        "source": "E:\\Android Studio\\meeto\\NewWoffice\\app\\build\\intermediates\\exploded-aar\\com.android.support\\appcompat-v7\\23.4.0\\res\\layout\\abc_search_dropdown_item_icons_2line.xml"
    },
    {
        "merged": "E:\\Android Studio\\meeto\\NewWoffice\\app\\build\\intermediates\\res\\merged\\debug\\layout\\dialog_emailid.xml",
        "source": "E:\\Android Studio\\meeto\\NewWoffice\\app\\src\\main\\res\\layout\\dialog_emailid.xml"
    },
    {
        "merged": "E:\\Android Studio\\meeto\\NewWoffice\\app\\build\\intermediates\\res\\merged\\debug\\layout\\messenger_button_send_blue_large.xml",
        "source": "E:\\Android Studio\\meeto\\NewWoffice\\app\\build\\intermediates\\exploded-aar\\com.facebook.android\\facebook-android-sdk\\4.1.0\\res\\layout\\messenger_button_send_blue_large.xml"
    },
    {
        "merged": "E:\\Android Studio\\meeto\\NewWoffice\\app\\build\\intermediates\\res\\merged\\debug\\layout\\dialog_password.xml",
        "source": "E:\\Android Studio\\meeto\\NewWoffice\\app\\src\\main\\res\\layout\\dialog_password.xml"
    },
    {
        "merged": "E:\\Android Studio\\meeto\\NewWoffice\\app\\build\\intermediates\\res\\merged\\debug\\layout\\custome_listing_activity.xml",
        "source": "E:\\Android Studio\\meeto\\NewWoffice\\app\\src\\main\\res\\layout\\custome_listing_activity.xml"
    },
    {
        "merged": "E:\\Android Studio\\meeto\\NewWoffice\\app\\build\\intermediates\\res\\merged\\debug\\layout\\crop_image_view.xml",
        "source": "E:\\Android Studio\\meeto\\NewWoffice\\app\\build\\intermediates\\exploded-aar\\com.edmodo\\cropper\\1.0.1\\res\\layout\\crop_image_view.xml"
    },
    {
        "merged": "E:\\Android Studio\\meeto\\NewWoffice\\app\\build\\intermediates\\res\\merged\\debug\\layout\\notification_template_media.xml",
        "source": "E:\\Android Studio\\meeto\\NewWoffice\\app\\build\\intermediates\\exploded-aar\\com.android.support\\appcompat-v7\\23.4.0\\res\\layout\\notification_template_media.xml"
    },
    {
        "merged": "E:\\Android Studio\\meeto\\NewWoffice\\app\\build\\intermediates\\res\\merged\\debug\\layout\\mdtp_year_label_text_view.xml",
        "source": "E:\\Android Studio\\meeto\\NewWoffice\\app\\build\\intermediates\\exploded-aar\\com.wdullaer\\materialdatetimepicker\\2.3.0\\res\\layout\\mdtp_year_label_text_view.xml"
    },
    {
        "merged": "E:\\Android Studio\\meeto\\NewWoffice\\app\\build\\intermediates\\res\\merged\\debug\\layout\\design_navigation_menu_item.xml",
        "source": "E:\\Android Studio\\meeto\\NewWoffice\\app\\build\\intermediates\\exploded-aar\\com.android.support\\design\\23.4.0\\res\\layout\\design_navigation_menu_item.xml"
    },
    {
        "merged": "E:\\Android Studio\\meeto\\NewWoffice\\app\\build\\intermediates\\res\\merged\\debug\\layout\\activity_notification.xml",
        "source": "E:\\Android Studio\\meeto\\NewWoffice\\app\\src\\main\\res\\layout\\activity_notification.xml"
    },
    {
        "merged": "E:\\Android Studio\\meeto\\NewWoffice\\app\\build\\intermediates\\res\\merged\\debug\\layout\\mdtp_time_title_view.xml",
        "source": "E:\\Android Studio\\meeto\\NewWoffice\\app\\build\\intermediates\\exploded-aar\\com.wdullaer\\materialdatetimepicker\\2.3.0\\res\\layout\\mdtp_time_title_view.xml"
    },
    {
        "merged": "E:\\Android Studio\\meeto\\NewWoffice\\app\\build\\intermediates\\res\\merged\\debug\\layout\\mdtp_done_button.xml",
        "source": "E:\\Android Studio\\meeto\\NewWoffice\\app\\build\\intermediates\\exploded-aar\\com.wdullaer\\materialdatetimepicker\\2.3.0\\res\\layout\\mdtp_done_button.xml"
    },
    {
        "merged": "E:\\Android Studio\\meeto\\NewWoffice\\app\\build\\intermediates\\res\\merged\\debug\\layout\\abc_list_menu_item_radio.xml",
        "source": "E:\\Android Studio\\meeto\\NewWoffice\\app\\build\\intermediates\\exploded-aar\\com.android.support\\appcompat-v7\\23.4.0\\res\\layout\\abc_list_menu_item_radio.xml"
    },
    {
        "merged": "E:\\Android Studio\\meeto\\NewWoffice\\app\\build\\intermediates\\res\\merged\\debug\\layout\\app_bar_home_activity.xml",
        "source": "E:\\Android Studio\\meeto\\NewWoffice\\app\\src\\main\\res\\layout\\app_bar_home_activity.xml"
    },
    {
        "merged": "E:\\Android Studio\\meeto\\NewWoffice\\app\\build\\intermediates\\res\\merged\\debug\\layout\\abc_expanded_menu_layout.xml",
        "source": "E:\\Android Studio\\meeto\\NewWoffice\\app\\build\\intermediates\\exploded-aar\\com.android.support\\appcompat-v7\\23.4.0\\res\\layout\\abc_expanded_menu_layout.xml"
    },
    {
        "merged": "E:\\Android Studio\\meeto\\NewWoffice\\app\\build\\intermediates\\res\\merged\\debug\\layout\\messenger_button_send_blue_round.xml",
        "source": "E:\\Android Studio\\meeto\\NewWoffice\\app\\build\\intermediates\\exploded-aar\\com.facebook.android\\facebook-android-sdk\\4.1.0\\res\\layout\\messenger_button_send_blue_round.xml"
    },
    {
        "merged": "E:\\Android Studio\\meeto\\NewWoffice\\app\\build\\intermediates\\res\\merged\\debug\\layout\\notification_template_lines.xml",
        "source": "E:\\Android Studio\\meeto\\NewWoffice\\app\\build\\intermediates\\exploded-aar\\com.android.support\\appcompat-v7\\23.4.0\\res\\layout\\notification_template_lines.xml"
    },
    {
        "merged": "E:\\Android Studio\\meeto\\NewWoffice\\app\\build\\intermediates\\res\\merged\\debug\\layout\\toolbar_layout.xml",
        "source": "E:\\Android Studio\\meeto\\NewWoffice\\app\\src\\main\\res\\layout\\toolbar_layout.xml"
    },
    {
        "merged": "E:\\Android Studio\\meeto\\NewWoffice\\app\\build\\intermediates\\res\\merged\\debug\\layout\\design_navigation_item_header.xml",
        "source": "E:\\Android Studio\\meeto\\NewWoffice\\app\\build\\intermediates\\exploded-aar\\com.android.support\\design\\23.4.0\\res\\layout\\design_navigation_item_header.xml"
    },
    {
        "merged": "E:\\Android Studio\\meeto\\NewWoffice\\app\\build\\intermediates\\res\\merged\\debug\\layout\\header_explore.xml",
        "source": "E:\\Android Studio\\meeto\\NewWoffice\\app\\src\\main\\res\\layout\\header_explore.xml"
    },
    {
        "merged": "E:\\Android Studio\\meeto\\NewWoffice\\app\\build\\intermediates\\res\\merged\\debug\\layout\\custome_addphoto_activity.xml",
        "source": "E:\\Android Studio\\meeto\\NewWoffice\\app\\src\\main\\res\\layout\\custome_addphoto_activity.xml"
    },
    {
        "merged": "E:\\Android Studio\\meeto\\NewWoffice\\app\\build\\intermediates\\res\\merged\\debug\\layout\\custome_wishlist_activity.xml",
        "source": "E:\\Android Studio\\meeto\\NewWoffice\\app\\src\\main\\res\\layout\\custome_wishlist_activity.xml"
    },
    {
        "merged": "E:\\Android Studio\\meeto\\NewWoffice\\app\\build\\intermediates\\res\\merged\\debug\\layout\\custome_booking_activity.xml",
        "source": "E:\\Android Studio\\meeto\\NewWoffice\\app\\src\\main\\res\\layout\\custome_booking_activity.xml"
    },
    {
        "merged": "E:\\Android Studio\\meeto\\NewWoffice\\app\\build\\intermediates\\res\\merged\\debug\\layout\\activity_login.xml",
        "source": "E:\\Android Studio\\meeto\\NewWoffice\\app\\src\\main\\res\\layout\\activity_login.xml"
    },
    {
        "merged": "E:\\Android Studio\\meeto\\NewWoffice\\app\\build\\intermediates\\res\\merged\\debug\\layout\\nav_header_main.xml",
        "source": "E:\\Android Studio\\meeto\\NewWoffice\\app\\src\\main\\res\\layout\\nav_header_main.xml"
    },
    {
        "merged": "E:\\Android Studio\\meeto\\NewWoffice\\app\\build\\intermediates\\res\\merged\\debug\\layout\\activity_addseminar.xml",
        "source": "E:\\Android Studio\\meeto\\NewWoffice\\app\\src\\main\\res\\layout\\activity_addseminar.xml"
    },
    {
        "merged": "E:\\Android Studio\\meeto\\NewWoffice\\app\\build\\intermediates\\res\\merged\\debug\\layout\\abc_screen_simple_overlay_action_mode.xml",
        "source": "E:\\Android Studio\\meeto\\NewWoffice\\app\\build\\intermediates\\exploded-aar\\com.android.support\\appcompat-v7\\23.4.0\\res\\layout\\abc_screen_simple_overlay_action_mode.xml"
    },
    {
        "merged": "E:\\Android Studio\\meeto\\NewWoffice\\app\\build\\intermediates\\res\\merged\\debug\\layout\\abc_list_menu_item_checkbox.xml",
        "source": "E:\\Android Studio\\meeto\\NewWoffice\\app\\build\\intermediates\\exploded-aar\\com.android.support\\appcompat-v7\\23.4.0\\res\\layout\\abc_list_menu_item_checkbox.xml"
    },
    {
        "merged": "E:\\Android Studio\\meeto\\NewWoffice\\app\\build\\intermediates\\res\\merged\\debug\\layout\\item_seminarlist_grid.xml",
        "source": "E:\\Android Studio\\meeto\\NewWoffice\\app\\src\\main\\res\\layout\\item_seminarlist_grid.xml"
    },
    {
        "merged": "E:\\Android Studio\\meeto\\NewWoffice\\app\\build\\intermediates\\res\\merged\\debug\\layout\\activity_wishlist.xml",
        "source": "E:\\Android Studio\\meeto\\NewWoffice\\app\\src\\main\\res\\layout\\activity_wishlist.xml"
    },
    {
        "merged": "E:\\Android Studio\\meeto\\NewWoffice\\app\\build\\intermediates\\res\\merged\\debug\\layout\\design_layout_tab_icon.xml",
        "source": "E:\\Android Studio\\meeto\\NewWoffice\\app\\build\\intermediates\\exploded-aar\\com.android.support\\design\\23.4.0\\res\\layout\\design_layout_tab_icon.xml"
    },
    {
        "merged": "E:\\Android Studio\\meeto\\NewWoffice\\app\\build\\intermediates\\res\\merged\\debug\\layout\\activity_registration.xml",
        "source": "E:\\Android Studio\\meeto\\NewWoffice\\app\\src\\main\\res\\layout\\activity_registration.xml"
    },
    {
        "merged": "E:\\Android Studio\\meeto\\NewWoffice\\app\\build\\intermediates\\res\\merged\\debug\\layout\\abc_action_menu_layout.xml",
        "source": "E:\\Android Studio\\meeto\\NewWoffice\\app\\build\\intermediates\\exploded-aar\\com.android.support\\appcompat-v7\\23.4.0\\res\\layout\\abc_action_menu_layout.xml"
    },
    {
        "merged": "E:\\Android Studio\\meeto\\NewWoffice\\app\\build\\intermediates\\res\\merged\\debug\\layout\\fragment_addseminar.xml",
        "source": "E:\\Android Studio\\meeto\\NewWoffice\\app\\src\\main\\res\\layout\\fragment_addseminar.xml"
    },
    {
        "merged": "E:\\Android Studio\\meeto\\NewWoffice\\app\\build\\intermediates\\res\\merged\\debug\\layout\\com_facebook_tooltip_bubble.xml",
        "source": "E:\\Android Studio\\meeto\\NewWoffice\\app\\build\\intermediates\\exploded-aar\\com.facebook.android\\facebook-android-sdk\\4.1.0\\res\\layout\\com_facebook_tooltip_bubble.xml"
    },
    {
        "merged": "E:\\Android Studio\\meeto\\NewWoffice\\app\\build\\intermediates\\res\\merged\\debug\\layout\\mdtp_time_picker_dialog.xml",
        "source": "E:\\Android Studio\\meeto\\NewWoffice\\app\\build\\intermediates\\exploded-aar\\com.wdullaer\\materialdatetimepicker\\2.3.0\\res\\layout\\mdtp_time_picker_dialog.xml"
    },
    {
        "merged": "E:\\Android Studio\\meeto\\NewWoffice\\app\\build\\intermediates\\res\\merged\\debug\\layout\\abc_action_mode_bar.xml",
        "source": "E:\\Android Studio\\meeto\\NewWoffice\\app\\build\\intermediates\\exploded-aar\\com.android.support\\appcompat-v7\\23.4.0\\res\\layout\\abc_action_mode_bar.xml"
    },
    {
        "merged": "E:\\Android Studio\\meeto\\NewWoffice\\app\\build\\intermediates\\res\\merged\\debug\\layout\\messenger_button_send_blue_small.xml",
        "source": "E:\\Android Studio\\meeto\\NewWoffice\\app\\build\\intermediates\\exploded-aar\\com.facebook.android\\facebook-android-sdk\\4.1.0\\res\\layout\\messenger_button_send_blue_small.xml"
    },
    {
        "merged": "E:\\Android Studio\\meeto\\NewWoffice\\app\\build\\intermediates\\res\\merged\\debug\\layout\\com_facebook_activity_layout.xml",
        "source": "E:\\Android Studio\\meeto\\NewWoffice\\app\\build\\intermediates\\exploded-aar\\com.facebook.android\\facebook-android-sdk\\4.1.0\\res\\layout\\com_facebook_activity_layout.xml"
    },
    {
        "merged": "E:\\Android Studio\\meeto\\NewWoffice\\app\\build\\intermediates\\res\\merged\\debug\\layout\\activity_yourbooking.xml",
        "source": "E:\\Android Studio\\meeto\\NewWoffice\\app\\src\\main\\res\\layout\\activity_yourbooking.xml"
    },
    {
        "merged": "E:\\Android Studio\\meeto\\NewWoffice\\app\\build\\intermediates\\res\\merged\\debug\\layout\\dialog_mobile.xml",
        "source": "E:\\Android Studio\\meeto\\NewWoffice\\app\\src\\main\\res\\layout\\dialog_mobile.xml"
    },
    {
        "merged": "E:\\Android Studio\\meeto\\NewWoffice\\app\\build\\intermediates\\res\\merged\\debug\\layout\\messenger_button_send_white_round.xml",
        "source": "E:\\Android Studio\\meeto\\NewWoffice\\app\\build\\intermediates\\exploded-aar\\com.facebook.android\\facebook-android-sdk\\4.1.0\\res\\layout\\messenger_button_send_white_round.xml"
    },
    {
        "merged": "E:\\Android Studio\\meeto\\NewWoffice\\app\\build\\intermediates\\res\\merged\\debug\\layout\\design_navigation_menu.xml",
        "source": "E:\\Android Studio\\meeto\\NewWoffice\\app\\build\\intermediates\\exploded-aar\\com.android.support\\design\\23.4.0\\res\\layout\\design_navigation_menu.xml"
    },
    {
        "merged": "E:\\Android Studio\\meeto\\NewWoffice\\app\\build\\intermediates\\res\\merged\\debug\\layout\\abc_list_menu_item_layout.xml",
        "source": "E:\\Android Studio\\meeto\\NewWoffice\\app\\build\\intermediates\\exploded-aar\\com.android.support\\appcompat-v7\\23.4.0\\res\\layout\\abc_list_menu_item_layout.xml"
    },
    {
        "merged": "E:\\Android Studio\\meeto\\NewWoffice\\app\\build\\intermediates\\res\\merged\\debug\\layout\\activity_user_data.xml",
        "source": "E:\\Android Studio\\meeto\\NewWoffice\\app\\src\\main\\res\\layout\\activity_user_data.xml"
    },
    {
        "merged": "E:\\Android Studio\\meeto\\NewWoffice\\app\\build\\intermediates\\res\\merged\\debug\\layout\\activity_forgotpassword.xml",
        "source": "E:\\Android Studio\\meeto\\NewWoffice\\app\\src\\main\\res\\layout\\activity_forgotpassword.xml"
    },
    {
        "merged": "E:\\Android Studio\\meeto\\NewWoffice\\app\\build\\intermediates\\res\\merged\\debug\\layout\\design_navigation_item_separator.xml",
        "source": "E:\\Android Studio\\meeto\\NewWoffice\\app\\build\\intermediates\\exploded-aar\\com.android.support\\design\\23.4.0\\res\\layout\\design_navigation_item_separator.xml"
    },
    {
        "merged": "E:\\Android Studio\\meeto\\NewWoffice\\app\\build\\intermediates\\res\\merged\\debug\\layout\\activity_searchfilter.xml",
        "source": "E:\\Android Studio\\meeto\\NewWoffice\\app\\src\\main\\res\\layout\\activity_searchfilter.xml"
    },
    {
        "merged": "E:\\Android Studio\\meeto\\NewWoffice\\app\\build\\intermediates\\res\\merged\\debug\\layout\\activity_seminarapprovedcencal.xml",
        "source": "E:\\Android Studio\\meeto\\NewWoffice\\app\\src\\main\\res\\layout\\activity_seminarapprovedcencal.xml"
    },
    {
        "merged": "E:\\Android Studio\\meeto\\NewWoffice\\app\\build\\intermediates\\res\\merged\\debug\\layout\\abc_dialog_title_material.xml",
        "source": "E:\\Android Studio\\meeto\\NewWoffice\\app\\build\\intermediates\\exploded-aar\\com.android.support\\appcompat-v7\\23.4.0\\res\\layout\\abc_dialog_title_material.xml"
    },
    {
        "merged": "E:\\Android Studio\\meeto\\NewWoffice\\app\\build\\intermediates\\res\\merged\\debug\\layout\\design_layout_snackbar_include.xml",
        "source": "E:\\Android Studio\\meeto\\NewWoffice\\app\\build\\intermediates\\exploded-aar\\com.android.support\\design\\23.4.0\\res\\layout\\design_layout_snackbar_include.xml"
    },
    {
        "merged": "E:\\Android Studio\\meeto\\NewWoffice\\app\\build\\intermediates\\res\\merged\\debug\\layout\\activity_review.xml",
        "source": "E:\\Android Studio\\meeto\\NewWoffice\\app\\src\\main\\res\\layout\\activity_review.xml"
    },
    {
        "merged": "E:\\Android Studio\\meeto\\NewWoffice\\app\\build\\intermediates\\res\\merged\\debug\\layout\\abc_action_menu_item_layout.xml",
        "source": "E:\\Android Studio\\meeto\\NewWoffice\\app\\build\\intermediates\\exploded-aar\\com.android.support\\appcompat-v7\\23.4.0\\res\\layout\\abc_action_menu_item_layout.xml"
    },
    {
        "merged": "E:\\Android Studio\\meeto\\NewWoffice\\app\\build\\intermediates\\res\\merged\\debug\\layout\\activity_language.xml",
        "source": "E:\\Android Studio\\meeto\\NewWoffice\\app\\src\\main\\res\\layout\\activity_language.xml"
    },
    {
        "merged": "E:\\Android Studio\\meeto\\NewWoffice\\app\\build\\intermediates\\res\\merged\\debug\\layout\\slider_layout.xml",
        "source": "E:\\Android Studio\\meeto\\NewWoffice\\app\\build\\intermediates\\exploded-aar\\com.daimajia.slider\\library\\1.1.5\\res\\layout\\slider_layout.xml"
    },
    {
        "merged": "E:\\Android Studio\\meeto\\NewWoffice\\app\\build\\intermediates\\res\\merged\\debug\\layout\\select_dialog_singlechoice_material.xml",
        "source": "E:\\Android Studio\\meeto\\NewWoffice\\app\\build\\intermediates\\exploded-aar\\com.android.support\\appcompat-v7\\23.4.0\\res\\layout\\select_dialog_singlechoice_material.xml"
    },
    {
        "merged": "E:\\Android Studio\\meeto\\NewWoffice\\app\\build\\intermediates\\res\\merged\\debug\\layout\\notification_template_part_time.xml",
        "source": "E:\\Android Studio\\meeto\\NewWoffice\\app\\build\\intermediates\\exploded-aar\\com.android.support\\appcompat-v7\\23.4.0\\res\\layout\\notification_template_part_time.xml"
    },
    {
        "merged": "E:\\Android Studio\\meeto\\NewWoffice\\app\\build\\intermediates\\res\\merged\\debug\\layout\\custome_review.xml",
        "source": "E:\\Android Studio\\meeto\\NewWoffice\\app\\src\\main\\res\\layout\\custome_review.xml"
    },
    {
        "merged": "E:\\Android Studio\\meeto\\NewWoffice\\app\\build\\intermediates\\res\\merged\\debug\\layout\\abc_activity_chooser_view.xml",
        "source": "E:\\Android Studio\\meeto\\NewWoffice\\app\\build\\intermediates\\exploded-aar\\com.android.support\\appcompat-v7\\23.4.0\\res\\layout\\abc_activity_chooser_view.xml"
    },
    {
        "merged": "E:\\Android Studio\\meeto\\NewWoffice\\app\\build\\intermediates\\res\\merged\\debug\\layout\\com_facebook_login_fragment.xml",
        "source": "E:\\Android Studio\\meeto\\NewWoffice\\app\\build\\intermediates\\exploded-aar\\com.facebook.android\\facebook-android-sdk\\4.1.0\\res\\layout\\com_facebook_login_fragment.xml"
    },
    {
        "merged": "E:\\Android Studio\\meeto\\NewWoffice\\app\\build\\intermediates\\res\\merged\\debug\\layout\\activity_custom_dialog.xml",
        "source": "E:\\Android Studio\\meeto\\NewWoffice\\app\\src\\main\\res\\layout\\activity_custom_dialog.xml"
    },
    {
        "merged": "E:\\Android Studio\\meeto\\NewWoffice\\app\\build\\intermediates\\res\\merged\\debug\\layout\\custome_seminarbooklist_activity.xml",
        "source": "E:\\Android Studio\\meeto\\NewWoffice\\app\\src\\main\\res\\layout\\custome_seminarbooklist_activity.xml"
    },
    {
        "merged": "E:\\Android Studio\\meeto\\NewWoffice\\app\\build\\intermediates\\res\\merged\\debug\\layout\\appbar_profile.xml",
        "source": "E:\\Android Studio\\meeto\\NewWoffice\\app\\src\\main\\res\\layout\\appbar_profile.xml"
    },
    {
        "merged": "E:\\Android Studio\\meeto\\NewWoffice\\app\\build\\intermediates\\res\\merged\\debug\\layout\\abc_alert_dialog_button_bar_material.xml",
        "source": "E:\\Android Studio\\meeto\\NewWoffice\\app\\build\\intermediates\\exploded-aar\\com.android.support\\appcompat-v7\\23.4.0\\res\\layout\\abc_alert_dialog_button_bar_material.xml"
    },
    {
        "merged": "E:\\Android Studio\\meeto\\NewWoffice\\app\\build\\intermediates\\res\\merged\\debug\\layout\\fragment_addseminar_details.xml",
        "source": "E:\\Android Studio\\meeto\\NewWoffice\\app\\src\\main\\res\\layout\\fragment_addseminar_details.xml"
    },
    {
        "merged": "E:\\Android Studio\\meeto\\NewWoffice\\app\\build\\intermediates\\res\\merged\\debug\\layout\\activity_splash.xml",
        "source": "E:\\Android Studio\\meeto\\NewWoffice\\app\\src\\main\\res\\layout\\activity_splash.xml"
    },
    {
        "merged": "E:\\Android Studio\\meeto\\NewWoffice\\app\\build\\intermediates\\res\\merged\\debug\\layout\\activity_bookinglist.xml",
        "source": "E:\\Android Studio\\meeto\\NewWoffice\\app\\src\\main\\res\\layout\\activity_bookinglist.xml"
    },
    {
        "merged": "E:\\Android Studio\\meeto\\NewWoffice\\app\\build\\intermediates\\res\\merged\\debug\\layout\\messenger_button_send_white_large.xml",
        "source": "E:\\Android Studio\\meeto\\NewWoffice\\app\\build\\intermediates\\exploded-aar\\com.facebook.android\\facebook-android-sdk\\4.1.0\\res\\layout\\messenger_button_send_white_large.xml"
    },
    {
        "merged": "E:\\Android Studio\\meeto\\NewWoffice\\app\\build\\intermediates\\res\\merged\\debug\\layout\\activity_home.xml",
        "source": "E:\\Android Studio\\meeto\\NewWoffice\\app\\src\\main\\res\\layout\\activity_home.xml"
    },
    {
        "merged": "E:\\Android Studio\\meeto\\NewWoffice\\app\\build\\intermediates\\res\\merged\\debug\\layout\\design_layout_tab_text.xml",
        "source": "E:\\Android Studio\\meeto\\NewWoffice\\app\\build\\intermediates\\exploded-aar\\com.android.support\\design\\23.4.0\\res\\layout\\design_layout_tab_text.xml"
    },
    {
        "merged": "E:\\Android Studio\\meeto\\NewWoffice\\app\\build\\intermediates\\res\\merged\\debug\\layout\\notification_media_cancel_action.xml",
        "source": "E:\\Android Studio\\meeto\\NewWoffice\\app\\build\\intermediates\\exploded-aar\\com.android.support\\appcompat-v7\\23.4.0\\res\\layout\\notification_media_cancel_action.xml"
    },
    {
        "merged": "E:\\Android Studio\\meeto\\NewWoffice\\app\\build\\intermediates\\res\\merged\\debug\\layout\\messenger_button_send_white_small.xml",
        "source": "E:\\Android Studio\\meeto\\NewWoffice\\app\\build\\intermediates\\exploded-aar\\com.facebook.android\\facebook-android-sdk\\4.1.0\\res\\layout\\messenger_button_send_white_small.xml"
    },
    {
        "merged": "E:\\Android Studio\\meeto\\NewWoffice\\app\\build\\intermediates\\res\\merged\\debug\\layout\\notification_template_part_chronometer.xml",
        "source": "E:\\Android Studio\\meeto\\NewWoffice\\app\\build\\intermediates\\exploded-aar\\com.android.support\\appcompat-v7\\23.4.0\\res\\layout\\notification_template_part_chronometer.xml"
    },
    {
        "merged": "E:\\Android Studio\\meeto\\NewWoffice\\app\\build\\intermediates\\res\\merged\\debug\\layout\\abc_popup_menu_item_layout.xml",
        "source": "E:\\Android Studio\\meeto\\NewWoffice\\app\\build\\intermediates\\exploded-aar\\com.android.support\\appcompat-v7\\23.4.0\\res\\layout\\abc_popup_menu_item_layout.xml"
    },
    {
        "merged": "E:\\Android Studio\\meeto\\NewWoffice\\app\\build\\intermediates\\res\\merged\\debug\\layout\\design_bottom_sheet_dialog.xml",
        "source": "E:\\Android Studio\\meeto\\NewWoffice\\app\\build\\intermediates\\exploded-aar\\com.android.support\\design\\23.4.0\\res\\layout\\design_bottom_sheet_dialog.xml"
    },
    {
        "merged": "E:\\Android Studio\\meeto\\NewWoffice\\app\\build\\intermediates\\res\\merged\\debug\\layout\\fragment_addseminar_list.xml",
        "source": "E:\\Android Studio\\meeto\\NewWoffice\\app\\src\\main\\res\\layout\\fragment_addseminar_list.xml"
    },
    {
        "merged": "E:\\Android Studio\\meeto\\NewWoffice\\app\\build\\intermediates\\res\\merged\\debug\\layout\\seminar_image_slide.xml",
        "source": "E:\\Android Studio\\meeto\\NewWoffice\\app\\src\\main\\res\\layout\\seminar_image_slide.xml"
    },
    {
        "merged": "E:\\Android Studio\\meeto\\NewWoffice\\app\\build\\intermediates\\res\\merged\\debug\\layout\\custome_notification_activity.xml",
        "source": "E:\\Android Studio\\meeto\\NewWoffice\\app\\src\\main\\res\\layout\\custome_notification_activity.xml"
    },
    {
        "merged": "E:\\Android Studio\\meeto\\NewWoffice\\app\\build\\intermediates\\res\\merged\\debug\\layout\\indicator_layout.xml",
        "source": "E:\\Android Studio\\meeto\\NewWoffice\\app\\build\\intermediates\\exploded-aar\\com.daimajia.slider\\library\\1.1.5\\res\\layout\\indicator_layout.xml"
    },
    {
        "merged": "E:\\Android Studio\\meeto\\NewWoffice\\app\\build\\intermediates\\res\\merged\\debug\\layout\\notification_media_action.xml",
        "source": "E:\\Android Studio\\meeto\\NewWoffice\\app\\build\\intermediates\\exploded-aar\\com.android.support\\appcompat-v7\\23.4.0\\res\\layout\\notification_media_action.xml"
    },
    {
        "merged": "E:\\Android Studio\\meeto\\NewWoffice\\app\\build\\intermediates\\res\\merged\\debug\\layout\\activity_setting.xml",
        "source": "E:\\Android Studio\\meeto\\NewWoffice\\app\\src\\main\\res\\layout\\activity_setting.xml"
    },
    {
        "merged": "E:\\Android Studio\\meeto\\NewWoffice\\app\\build\\intermediates\\res\\merged\\debug\\layout\\abc_activity_chooser_view_list_item.xml",
        "source": "E:\\Android Studio\\meeto\\NewWoffice\\app\\build\\intermediates\\exploded-aar\\com.android.support\\appcompat-v7\\23.4.0\\res\\layout\\abc_activity_chooser_view_list_item.xml"
    },
    {
        "merged": "E:\\Android Studio\\meeto\\NewWoffice\\app\\build\\intermediates\\res\\merged\\debug\\layout\\abc_action_bar_up_container.xml",
        "source": "E:\\Android Studio\\meeto\\NewWoffice\\app\\build\\intermediates\\exploded-aar\\com.android.support\\appcompat-v7\\23.4.0\\res\\layout\\abc_action_bar_up_container.xml"
    },
    {
        "merged": "E:\\Android Studio\\meeto\\NewWoffice\\app\\build\\intermediates\\res\\merged\\debug\\layout\\toolbar_search.xml",
        "source": "E:\\Android Studio\\meeto\\NewWoffice\\app\\src\\main\\res\\layout\\toolbar_search.xml"
    },
    {
        "merged": "E:\\Android Studio\\meeto\\NewWoffice\\app\\build\\intermediates\\res\\merged\\debug\\layout\\mdtp_date_picker_dialog.xml",
        "source": "E:\\Android Studio\\meeto\\NewWoffice\\app\\build\\intermediates\\exploded-aar\\com.wdullaer\\materialdatetimepicker\\2.3.0\\res\\layout\\mdtp_date_picker_dialog.xml"
    },
    {
        "merged": "E:\\Android Studio\\meeto\\NewWoffice\\app\\build\\intermediates\\res\\merged\\debug\\layout\\abc_screen_simple.xml",
        "source": "E:\\Android Studio\\meeto\\NewWoffice\\app\\build\\intermediates\\exploded-aar\\com.android.support\\appcompat-v7\\23.4.0\\res\\layout\\abc_screen_simple.xml"
    },
    {
        "merged": "E:\\Android Studio\\meeto\\NewWoffice\\app\\build\\intermediates\\res\\merged\\debug\\layout\\profile_content_view.xml",
        "source": "E:\\Android Studio\\meeto\\NewWoffice\\app\\src\\main\\res\\layout\\profile_content_view.xml"
    },
    {
        "merged": "E:\\Android Studio\\meeto\\NewWoffice\\app\\build\\intermediates\\res\\merged\\debug\\layout\\activity_reviewlist.xml",
        "source": "E:\\Android Studio\\meeto\\NewWoffice\\app\\src\\main\\res\\layout\\activity_reviewlist.xml"
    },
    {
        "merged": "E:\\Android Studio\\meeto\\NewWoffice\\app\\build\\intermediates\\res\\merged\\debug\\layout\\mdtp_date_picker_selected_date.xml",
        "source": "E:\\Android Studio\\meeto\\NewWoffice\\app\\build\\intermediates\\exploded-aar\\com.wdullaer\\materialdatetimepicker\\2.3.0\\res\\layout\\mdtp_date_picker_selected_date.xml"
    },
    {
        "merged": "E:\\Android Studio\\meeto\\NewWoffice\\app\\build\\intermediates\\res\\merged\\debug\\layout\\render_type_text.xml",
        "source": "E:\\Android Studio\\meeto\\NewWoffice\\app\\build\\intermediates\\exploded-aar\\com.daimajia.slider\\library\\1.1.5\\res\\layout\\render_type_text.xml"
    },
    {
        "merged": "E:\\Android Studio\\meeto\\NewWoffice\\app\\build\\intermediates\\res\\merged\\debug\\layout\\activity_faqs.xml",
        "source": "E:\\Android Studio\\meeto\\NewWoffice\\app\\src\\main\\res\\layout\\activity_faqs.xml"
    },
    {
        "merged": "E:\\Android Studio\\meeto\\NewWoffice\\app\\build\\intermediates\\res\\merged\\debug\\layout\\mdtp_date_picker_view_animator.xml",
        "source": "E:\\Android Studio\\meeto\\NewWoffice\\app\\build\\intermediates\\exploded-aar\\com.wdullaer\\materialdatetimepicker\\2.3.0\\res\\layout\\mdtp_date_picker_view_animator.xml"
    },
    {
        "merged": "E:\\Android Studio\\meeto\\NewWoffice\\app\\build\\intermediates\\res\\merged\\debug\\layout\\abc_screen_toolbar.xml",
        "source": "E:\\Android Studio\\meeto\\NewWoffice\\app\\build\\intermediates\\exploded-aar\\com.android.support\\appcompat-v7\\23.4.0\\res\\layout\\abc_screen_toolbar.xml"
    },
    {
        "merged": "E:\\Android Studio\\meeto\\NewWoffice\\app\\build\\intermediates\\res\\merged\\debug\\layout\\activity_pofile.xml",
        "source": "E:\\Android Studio\\meeto\\NewWoffice\\app\\src\\main\\res\\layout\\activity_pofile.xml"
    },
    {
        "merged": "E:\\Android Studio\\meeto\\NewWoffice\\app\\build\\intermediates\\res\\merged\\debug\\layout\\design_layout_snackbar.xml",
        "source": "E:\\Android Studio\\meeto\\NewWoffice\\app\\build\\intermediates\\exploded-aar\\com.android.support\\design\\23.4.0\\res\\layout\\design_layout_snackbar.xml"
    },
    {
        "merged": "E:\\Android Studio\\meeto\\NewWoffice\\app\\build\\intermediates\\res\\merged\\debug\\layout\\abc_action_mode_close_item_material.xml",
        "source": "E:\\Android Studio\\meeto\\NewWoffice\\app\\build\\intermediates\\exploded-aar\\com.android.support\\appcompat-v7\\23.4.0\\res\\layout\\abc_action_mode_close_item_material.xml"
    },
    {
        "merged": "E:\\Android Studio\\meeto\\NewWoffice\\app\\build\\intermediates\\res\\merged\\debug\\layout\\item.xml",
        "source": "E:\\Android Studio\\meeto\\NewWoffice\\app\\src\\main\\res\\layout\\item.xml"
    },
    {
        "merged": "E:\\Android Studio\\meeto\\NewWoffice\\app\\build\\intermediates\\res\\merged\\debug\\layout\\render_type_default.xml",
        "source": "E:\\Android Studio\\meeto\\NewWoffice\\app\\build\\intermediates\\exploded-aar\\com.daimajia.slider\\library\\1.1.5\\res\\layout\\render_type_default.xml"
    },
    {
        "merged": "E:\\Android Studio\\meeto\\NewWoffice\\app\\build\\intermediates\\res\\merged\\debug\\layout\\design_menu_item_action_area.xml",
        "source": "E:\\Android Studio\\meeto\\NewWoffice\\app\\build\\intermediates\\exploded-aar\\com.android.support\\design\\23.4.0\\res\\layout\\design_menu_item_action_area.xml"
    },
    {
        "merged": "E:\\Android Studio\\meeto\\NewWoffice\\app\\build\\intermediates\\res\\merged\\debug\\layout\\select_dialog_item_material.xml",
        "source": "E:\\Android Studio\\meeto\\NewWoffice\\app\\build\\intermediates\\exploded-aar\\com.android.support\\appcompat-v7\\23.4.0\\res\\layout\\select_dialog_item_material.xml"
    },
    {
        "merged": "E:\\Android Studio\\meeto\\NewWoffice\\app\\build\\intermediates\\res\\merged\\debug\\layout\\design_navigation_item_subheader.xml",
        "source": "E:\\Android Studio\\meeto\\NewWoffice\\app\\build\\intermediates\\exploded-aar\\com.android.support\\design\\23.4.0\\res\\layout\\design_navigation_item_subheader.xml"
    },
    {
        "merged": "E:\\Android Studio\\meeto\\NewWoffice\\app\\build\\intermediates\\res\\merged\\debug\\layout\\activity_aboutus.xml",
        "source": "E:\\Android Studio\\meeto\\NewWoffice\\app\\src\\main\\res\\layout\\activity_aboutus.xml"
    },
    {
        "merged": "E:\\Android Studio\\meeto\\NewWoffice\\app\\build\\intermediates\\res\\merged\\debug\\layout\\dialog_download.xml",
        "source": "E:\\Android Studio\\meeto\\NewWoffice\\app\\src\\main\\res\\layout\\dialog_download.xml"
    },
    {
        "merged": "E:\\Android Studio\\meeto\\NewWoffice\\app\\build\\intermediates\\res\\merged\\debug\\layout\\abc_action_bar_title_item.xml",
        "source": "E:\\Android Studio\\meeto\\NewWoffice\\app\\build\\intermediates\\exploded-aar\\com.android.support\\appcompat-v7\\23.4.0\\res\\layout\\abc_action_bar_title_item.xml"
    },
    {
        "merged": "E:\\Android Studio\\meeto\\NewWoffice\\app\\build\\intermediates\\res\\merged\\debug\\layout\\activity_search.xml",
        "source": "E:\\Android Studio\\meeto\\NewWoffice\\app\\src\\main\\res\\layout\\activity_search.xml"
    },
    {
        "merged": "E:\\Android Studio\\meeto\\NewWoffice\\app\\build\\intermediates\\res\\merged\\debug\\layout\\abc_screen_content_include.xml",
        "source": "E:\\Android Studio\\meeto\\NewWoffice\\app\\build\\intermediates\\exploded-aar\\com.android.support\\appcompat-v7\\23.4.0\\res\\layout\\abc_screen_content_include.xml"
    },
    {
        "merged": "E:\\Android Studio\\meeto\\NewWoffice\\app\\build\\intermediates\\res\\merged\\debug\\layout\\notification_template_big_media_narrow.xml",
        "source": "E:\\Android Studio\\meeto\\NewWoffice\\app\\build\\intermediates\\exploded-aar\\com.android.support\\appcompat-v7\\23.4.0\\res\\layout\\notification_template_big_media_narrow.xml"
    },
    {
        "merged": "E:\\Android Studio\\meeto\\NewWoffice\\app\\build\\intermediates\\res\\merged\\debug\\layout\\grid_item.xml",
        "source": "E:\\Android Studio\\meeto\\NewWoffice\\app\\src\\main\\res\\layout\\grid_item.xml"
    },
    {
        "merged": "E:\\Android Studio\\meeto\\NewWoffice\\app\\build\\intermediates\\res\\merged\\debug\\layout\\activity_seminarlist.xml",
        "source": "E:\\Android Studio\\meeto\\NewWoffice\\app\\src\\main\\res\\layout\\activity_seminarlist.xml"
    },
    {
        "merged": "E:\\Android Studio\\meeto\\NewWoffice\\app\\build\\intermediates\\res\\merged\\debug\\layout\\activity_seminatdetails.xml",
        "source": "E:\\Android Studio\\meeto\\NewWoffice\\app\\src\\main\\res\\layout\\activity_seminatdetails.xml"
    },
    {
        "merged": "E:\\Android Studio\\meeto\\NewWoffice\\app\\build\\intermediates\\res\\merged\\debug\\layout\\item_row_slide.xml",
        "source": "E:\\Android Studio\\meeto\\NewWoffice\\app\\src\\main\\res\\layout\\item_row_slide.xml"
    },
    {
        "merged": "E:\\Android Studio\\meeto\\NewWoffice\\app\\build\\intermediates\\res\\merged\\debug\\layout\\abc_alert_dialog_material.xml",
        "source": "E:\\Android Studio\\meeto\\NewWoffice\\app\\build\\intermediates\\exploded-aar\\com.android.support\\appcompat-v7\\23.4.0\\res\\layout\\abc_alert_dialog_material.xml"
    }
]