[
    {
        "merged": "E:\\Android Studio\\meeto\\NewWoffice\\app\\build\\intermediates\\res\\merged\\debug\\raw\\imgview_star.svg",
        "source": "E:\\Android Studio\\meeto\\NewWoffice\\app\\build\\intermediates\\exploded-aar\\com.github.siyamed\\android-shape-imageview\\0.9.3\\res\\raw\\imgview_star.svg"
    },
    {
        "merged": "E:\\Android Studio\\meeto\\NewWoffice\\app\\build\\intermediates\\res\\merged\\debug\\raw\\imgview_hexagon.svg",
        "source": "E:\\Android Studio\\meeto\\NewWoffice\\app\\build\\intermediates\\exploded-aar\\com.github.siyamed\\android-shape-imageview\\0.9.3\\res\\raw\\imgview_hexagon.svg"
    },
    {
        "merged": "E:\\Android Studio\\meeto\\NewWoffice\\app\\build\\intermediates\\res\\merged\\debug\\raw\\imgview_diamond.svg",
        "source": "E:\\Android Studio\\meeto\\NewWoffice\\app\\build\\intermediates\\exploded-aar\\com.github.siyamed\\android-shape-imageview\\0.9.3\\res\\raw\\imgview_diamond.svg"
    },
    {
        "merged": "E:\\Android Studio\\meeto\\NewWoffice\\app\\build\\intermediates\\res\\merged\\debug\\raw\\imgview_pentagon.svg",
        "source": "E:\\Android Studio\\meeto\\NewWoffice\\app\\build\\intermediates\\exploded-aar\\com.github.siyamed\\android-shape-imageview\\0.9.3\\res\\raw\\imgview_pentagon.svg"
    },
    {
        "merged": "E:\\Android Studio\\meeto\\NewWoffice\\app\\build\\intermediates\\res\\merged\\debug\\raw\\imgview_heart.svg",
        "source": "E:\\Android Studio\\meeto\\NewWoffice\\app\\build\\intermediates\\exploded-aar\\com.github.siyamed\\android-shape-imageview\\0.9.3\\res\\raw\\imgview_heart.svg"
    },
    {
        "merged": "E:\\Android Studio\\meeto\\NewWoffice\\app\\build\\intermediates\\res\\merged\\debug\\raw\\imgview_octogon.svg",
        "source": "E:\\Android Studio\\meeto\\NewWoffice\\app\\build\\intermediates\\exploded-aar\\com.github.siyamed\\android-shape-imageview\\0.9.3\\res\\raw\\imgview_octogon.svg"
    }
]